code,price,frequency,name
"ANEX","80","5123","ANEX"
"ANEXX","50","5094","Physical  Exam for Immunization"
"V3","35","2103","V3"
"0714","80","1714","0714"
"GENAL1","113.95","1590","GENAL1"
"VACC123","35","1516","VACC123"
"NAILT","20.5","1286","Nail Trim (Cats/Dogs)"
"BL","34.7","1217","Blood  Collection"
"NAIL1","15","1208","Nail Trim Add-On (Canine/Feline)"
"K95WAY","35","1182","K95WAY"
"V1","35","1122","Rabies Vaccination 1 Year"
"BLO","41.35","1094","BLO"
"1002","27","962","1002"
"102221","30","908","102221"
"2VW","190","865","X-Rays   2 Views"
"109257","60","823","109257"
"VACC9","81","796","ADULT DA2PPV (1YEAR)"
"REEX","42","794","REEX"
"1007","27","772","Kennel  Cough   Combined"
"1013","27","762","1013"
"HC","80","759","Health Exam - Canine"
"3YEARS","38","751","3YEARS"
"ANAL1","20","724","ANAL1"
"CYSTO","46.8","711","CYSTO"
"ANAL","30","697","ANAL"
"1VW","95","696","1VW"
"PROF","66","674","Professional Services"
"URIN2","95.7","664","Urinalysis Full IN"
"TOTT4","37.02","641","SDMA (In Clinic)"
"GENPA2","80","633","Pre- Anesthetic (10) CBC Lytes"
"VACC3","35","564","VACC3"
"VACC5A","35","546","VACC5A"
"307","60","543","Cremation Communal 2kg-9kg"
"SEDIM","70","541","SEDIM"
"ANEXA","45","533","ANEXA"
"HEF","80","525","HEF"
"KCORAL","39","523","KCORAL"
"ANEXSS","65","492","ANEXSS"
"SCARS6","35","490","SCARS6"
"VACC","35","481","Canine DA2PP Vaccination 1st"
"SQ","40","478","SQ"
"FL","30","471","FL"
"CYTOLOGY","57.6","464","CYTOLOGY"
"ANALN","40","444","Anal Glands And Nail Trim"
"VACCFELC","35","440","VACCFELC"
"SCAR","12","424","Rescue  Microchip  Implantation"
"FASP","450","424","DENTAL-CLEANING PACKAGE( FASP)"
"CLIP","35","413","CLIP"
"SCARS10","15","406","Rescue Pain Medication"
"KCIN","30","403","KCIN"
"PARVOK9","35","399","PARVOK9"
"101","89","392","101"
"1001","81","377","1001"
"MISC","21","377","MISC"
"SCARS5","12","359","Rescue  Microchip"
"135948","10.34","357","135948"
"303A","180","356","303A"
"GERI","270","342","GERI"
"333F","35","330","Feline FVRCP Vaccination 3year"
"F2Y","35","326","Feline FVRCP Vaccination 1 Year"
"502","22","321","502"
"1010","35","319","1010"
"333","107","303","333"
"126232","27.18","298","126232"
"VACCLC","35","298","VACCLC"
"MEDSM","50","286","MEDSM"
"MEDLG","100","282","Take-Home Medications - Large"
"SCARS11","10","281","SCARS11"
"011259","9","280","011259"
"KC","35","278","Kennel Cough Vaccine (Intra-Trac IN) (1y"
"KCB","20","272","Kennel Cough Intranasal Puppy"
"MICRO 4","55","271","MICRO 4"
"2Y","35","262","Canine Da2ppv"
"VACCLI","35","254","Feline FVRCP Vaccination 2nd"
"STAN1","10","247","STAN1"
"100","155","243","Anesthesia Induction Fee"
"PAB","90","241","Blood Preanesthetic (PCV/TS+Minor Chem)"
"URINEC","40.9","237","Cystotomy"
"SURO","29.9","236","SURO"
"STAN","15","224","STAN"
"135949","13.92","218","135949"
"ULTRA 3","35","218","ULTRA 3"
"0022","122","216","Feline Neuter"
"DISTEMP","35","213","Canine Distemper (DAP)"
"APO","15","210","APO"
"IV","49","208","IV"
"1009","81","201","ADULT FELINE FVRCP + CHLAMIDIA (1YEAR)"
"FLU","100","201","FLU"
"304","45","198","304"
"3VW","60","196","X-Rays  Additional"
"ULTRA 4","25","194","Ward Fee"
"IMREX1","14.56","194","IMREX1"
"SCARS4A","18","190","Rescue Distemper (Da2Ppv)"
"920610","10.5","189","920610"
"101089","16.02","187","101089"
"121485","59","186","121485"
"97","3.75","181","Sales Tax"
"0032","90","181","Soft Tissue Surgical Fee Per 10 Minutes"
"EARC","26","176","EARC"
"114356","9.42","172","114356"
"PRE","90","169","Pre sedation exam"
"125657","29.99","166","125657"
"139870","13.7","166","139870"
"303","180","165","Euthanasia Attended (New Client)"
"E-COL 3","8","164","E-COL 3"
"RES1","15","163","RES1"
"131649","45.43","159","131649"
"PRCRE2","170","159","Private Cremation  9.1-20kg"
"118480","33.06","158","118480"
"URINE1","141.9","157","URINE1"
"TOTT 4","42.9","156","TOTT 4"
"308A","75","153","Cremation Communal 9.1-20kg"
"101383","31.24","150","101383"
"IMREX","8.32","150","IMREX"
"137835","36.16","149","137835"
"125018","71.55","148","125018"
"GEN 3","133.9","148","GEN 3"
"101386","26.72","147","101386"
"VACC11","35","147","Kennel  Cough  Vaccine (IN -1year)"
"117787","49.49","146","117787"
"2VWA","215","145","Chest X-Rays (2L+Vd)"
"VACC7","75","145","VACC7"
"ULTRA 2","83.2","145","FVS Ultrasonographer Travel Fee"
"FEFIV","63.9","139","FELV/FIV Snap Test IN"
"BM1","40.6","139","BM1"
"920614","14","138","920614"
"FINE","165","138","FNA & Cytology  Idexx up to 3 sites"
"PE5","95","138","PE5"
"RES","15","138","Rescue PCV"
"1208","42.8","134","SDMA IN CLINIC"
"117004","23.24","134","117004"
"135947","10","134","135947"
"011041","85.4","133","Snap cPL - in house"
"HDA","35","133","HDA"
"121526","12.32","130","121526"
"310","95","128","310"
"100032","18","127","100032"
"401","425","126","401"
"SENT2","23.09","126","SENT2"
"128030","17.99","125","128030"
"DRONTAL1","22","125","DRONTAL1"
"0027","155","125","Rescue Feline Spay"
"135950","17.32","124","135950"
"0023","285","123","0023"
"001399","20","123","001399"
"U-40","2.9","122","U-40"
"RAB1","24","121","RAB1"
"MED1K","40.89","120","MED1K"
"ULTRA","425","119","ULTRA"
"115795","36.76","118","115795"
"GEN 1","118.45","118","GEN 1"
"HN","90","118","Hospitalization 24 hours (overnight)"
"THMD<20","30","118","THMD<20"
"SMETRO","15","117","SMETRO"
"01011","88.55","116","01011"
"SCARS 5","9","115","Rescue Deworming"
"113975","148.56","114","113975"
"920612","9.25","114","920612"
"ORA3","200","114","ORA3"
"011051","15","114","011051"
"SCARS4","18","114","SCARS4"
"119672","50","113","119672"
"120518","44.54","113","120518"
"SHAVE","193.4","113","Lion Shave with sedation"
"STAT","167.9","113","STAT"
"US6","57","113","US6"
"MIL","4.9","113","MIL"
"116342","13.58","112","116342"
"FLUD","55","111","IV Fluids For Dentistry"
"STAN2","20.8","110","STAN2"
"PRICREM3","185","110","PRICREM3"
"FTES","55","110","Fluid Therapy - Elective Surgery"
"0029","89","109","Rescue Feline  Neuter"
"107745","58.56","108","107745"
"BLOODC","50","108","Blood and urine collection(cysto/cath)"
"E-COL 2","14","108","E-COL 2"
"0024","165","108","0024"
"8511","11.4","106","8511"
"104229","34","106","104229"
"134072","28.2","106","134072"
"128.311B","33.9","106","128.311B"
"SCRAP","51.5","106","Skin Tape impression"
"04-01","95","105","04-01"
"124179","35.99","104","124179"
"128550","44","104","128550"
"0007","249","103","Canine - Neuter <10kg"
"OMEGAD","15.5","103","OMEGAD"
"RH","45","103","RH"
"SCARS2","18","102","SCARS2"
"CAN76","8.22","102","CAN76"
"VACCLE","30","102","VACCLE"
"CYSTC","34.7","102","CYSTC"
"100078","43.92","101","100078"
"GERIU","316.5","101","GERIU"
"NTADC","15","101","Nail Trim Add-On (Sm K9 or Cat)"
"124226","25.88","99","124226"
"920611","9","99","920611"
"0011","307","99","0011"
"001403","30","98","001403"
"E-COL 4","8","97","E-COL 4"
"130855","36","95","130855"
"134025","9.49","94","134025"
"PARVO","59.7","94","PARVO"
"GENA3","100","93","GENA3"
"HD","35","93","HD"
"CSA 034","168.74","93","CSA 034"
"116","49","91","Anaesthetic - Local"
"COL","7.75","91","COL"
"UPCRECK","60","89","Urgent Pet Care Recheck Visit"
"107354","45","88","107354"
"025117","30.38","88","025117"
"MEDI 110","21.42","87","MEDI 110"
"APOM","15","87","APOM"
"139871","13.7","86","139871"
"DRONTAL2","40.55","86","DRONTAL2"
"140513","74.88","85","140513"
"8514","22","84","8514"
"NTAGAPP","30","84","NTAGAPP"
"101384","32.24","83","101384"
"126022","50.18","83","126022"
"126061","32.16","83","126061"
"130853","36","82","130853"
"920615","24.3","82","920615"
"ADV4","10","82","ADV4"
"T760A","55","82","T760A"
"125016","32.36","81","125016"
"920613","12","81","920613"
"FLEX","59.5","81","FLEX"
"109","80","80","109"
"408","85","80","Oral Surgery per Hour"
"120464","26.33","80","120464"
"MED1N","41.28","80","MED1N"
"DAP","75","80","DAP"
"316","188","79","Cremation Private Cedar/Pine/Ceram/Pearl"
"117007","32.4","79","117007"
"128354","30","79","128354"
"132320","36","79","132320"
"121047","47.16","78","121047"
"128311","33.9","78","Fructosamine Add On IN"
"PVD","45.12","78","PVD"
"402","50","77","402"
"1701","65.1","77","1701"
"8516","25","77","8516"
"119585","19","77","119585"
"133995","92.85","77","133995"
"139164","20.16","77","139164"
"FEL4","27.06","77","FEL4"
"113573","6.39","76","113573"
"125652","26.99","76","125652"
"133996","92.85","76","133996"
"INTERC","7.5","76","INTERC"
"TREA1","6.94","76","TREA1"
"HOSP","100.12","76","Hospitalization - Single Day Admission"
"BG1","33","76","Blood Glucose - First"
"VACCFELA","99","76","Leukemia Combined"
"GENAL3","233.9","76","General Health (17) CBC  Lytes  SDMA"
"107355","56.53","75","107355"
"PE5A","245","74","Pediatric(<5 Months) Feline Spay"
"J4","17.93","74","J4"
"100048","15","73","100048"
"128164","25.2","73","128164"
"INTERCEP","14","73","INTERCEP"
"318","164","72","Cremation Private Scatterbox Of Ashes"
"119996","66.51","72","119996"
"127380","77.99","72","127380"
"131704","26.04","72","131704"
"VACCLA","90","72","Fel- Adult  FVRCP + Leuk"
"8016","43.72","71","8016"
"130004","56.98","71","130004"
"E-COLLAR","9.35","71","E-COLLAR"
"116432","17.94","70","116432"
"136211","35.9","70","Total T4/SDMA Combo"
"402A","160","70","402A"
"MISCI","25","70","MISCI"
"119322","52.99","69","119322"
"123875","32","69","123875"
"125207","53.1","69","125207"
"AGF","66","69","Anal Gland Expression & Infusion"
"OMEGAD8","23.92","69","OMEGAD8"
"FL1","43.9","69","Schirmer Tear Test(Per Patient)"
"MED 201","40.95","69","MED 201"
"CLAVA","20","69","CLAVA"
"CANIN7","22.2","69","CANIN7"
"133026","24.91","68","133026"
"137173","46.99","68","137173"
"140690","36.12","68","140690"
"0012","349","68","Canine - Spay 10.1-24kg"
"1003","24","67","ADULT DA2PPV COMBINED ( 1YEAR)"
"104861","39.8","67","104861"
"PRCREM22","240","67","PRCREM22"
"SQFK","26","67","SQFK"
"118600","67.68","66","118600"
"122268","30","66","122268"
"124311","61.4","66","124311"
"ORA1","58","66","ORA1"
"HNS","97","66","Health Exam Non-Scheduled Appointment"
"0026A","169","66","0026A"
"8515","23","65","8515"
"125654","65.98","65","125654"
"STAT1","155","65","Histopathology Histovet"
"130016","34.5","64","130016"
"123318","13.52","63","123318"
"128909","51","63","128909"
"LEUK","10","63","LEUK"
"119890","12.22","62","119890"
"00012","80.19","62","Sedation IM 10-20 kg"
"PLT","53.9","62","Pancreatic Lipase Test"
"IVF","65","62","IVF"
"SCARS3","18","62","Rescue Rabies"
"101361","11.98","61","101361"
"125221","19.45","61","125221"
"BANDIGE","28.1","61","Bandaging/ 10 Minutes"
"E-COL","12","61","E-COL"
"GER","122.72","61","GER"
"MISCIN","29","61","Antiemetic  Injection First  (Im/Sq)"
"116987","112.8","60","116987"
"124219","40","60","124219"
"AUR","35.73","60","AUR"
"MEDI 44","28.7","60","MEDI 44"
"FEL78","40.32","60","FEL78"
"VACCF","75","60","Kitten  (FVRCP + Chlamydia)"
"RESCU","15","60","RESCU"
"113353","61.27","59","113353"
"129999","47.99","59","129999"
"FVR2","30","59","FVR2"
"CART1","35","58","CART1"
"FUCI","43","58","FUCI"
"RESC","15","58","RESC"
"RESCUE","35","58","RESCUE"
"DAP1","24","58","DAP1"
"107559","18.3","57","107559"
"135941","14.98","57","135941"
"PRCR1","112.5","57","PRCR1"
"FEL25","25.98","57","FEL25"
"501","26","56","501"
"125415","37.06","56","125415"
"132713","16.72","56","132713"
"132101T","102","56","132101T"
"119897","32.22","55","119897"
"125391","22.8","55","125391"
"132323","3.1","55","132323"
"134419","51.34","55","134419"
"VACCL","18","55","VACCL"
"PILL 2","7.66","55","PILL 2"
"ANEXS","65","55","ANEXS"
"NOS","8","55","NOS"
"CDLSR1","10","55","CD Laser speed healing add on"
"KC1","24","55","KC1"
"116822","45.36","54","116822"
"125225","25.52","54","125225"
"140689","64.5","54","140689"
"INTERCE","10","54","INTERCE"
"GENERAL2","108.95","54","General Panel with UA IN"
"INSU","33","54","INSU"
"OPTIX","25.39","54","OPTIX"
"120520","112.71","53","120520"
"125653","22.55","53","125653"
"132194","47.53","53","132194"
"FUCITH","33.23","53","FUCITH"
"310A","134","53","Euthanasia Humane/Unattended (New Clien"
"URINE","140.9","52","URINE"
"HCR","65","52","HCR"
"111297","39.98","51","111297"
"113566","26.99","51","113566"
"119898","106.84","51","119898"
"125136","11.2","51","125136"
"128046","19","51","128046"
"132101","218.28","51","132101"
"135196","32.78","51","135196"
"BM","40.5","51","BM"
"CON","35","51","CON"
"FT","55","51","FT"
"125225 A","121.05","51","125225 A"
"EMEX5","20","51","Add Walk In Fee"
"110063","6.79","50","110063"
"120507","35.07","50","120507"
"121157","33.84","50","121157"
"URINE2","91.9","50","URINE2"
"111","99","49","Domitor < 10 kg"
"113572","52.08","49","113572"
"115793","17.26","49","115793"
"123548","59.04","49","123548"
"134433","38.5","49","134433"
"PAW","90","49","PAW"
"ORA 2","35","49","Dental x-ray additional"
"FEL21","36.04","49","FEL21"
"CBC2","39.8","49","CBC2"
"HEXAM","80","49","HEXAM"
"CANIN76","72.97","49","CANIN76"
"ORIDER","28.07","49","ORIDER"
"113","135","48","Domitor > 21  kg"
"108329","37.98","48","108329"
"108963","3.39","48","108963"
"AVENTI","24.6","48","AVENTI"
"01-08","97","48","Health exam non-scheduled appointment"
"METHI25","42.06","48","METHI25"
"1008","27","47","Feline Adult FVRCP + Chlamidia Com"
"132339","104.97","47","132339"
"SULCR","21.3","47","SULCR"
"TAPE","61.2","47","Skin scraping-microscopic exam"
"HERF","65","47","Health Exam Recheck - Feline"
"100096","22.8","46","100096"
"104119","38.86","46","104119"
"113452","23.94","46","113452"
"114078","15","46","114078"
"RHEUM","15","46","RHEUM"
"FN1","63.6","46","FN1"
"PILL 1","9.17","46","PILL 1"
"CANIN8","57.01","46","CANIN8"
"CANIN46","29.86","46","CANIN46"
"110064","6.79","45","110064"
"118018","50.82","45","118018"
"125220","20.48","45","125220"
"127046","29.11","45","127046"
"130955","42.04","45","130955"
"140227","41.97","45","140227"
"FELENEMA","66","45","Enema"
"VACCFE","10","45","VACCFE"
"HS","55","45","HS"
"113453","51.3","44","113453"
"123876","64.44","44","123876"
"124227","44","44","124227"
"124647","28.52","44","124647"
"137161","33.23","44","137161"
"T4","54.63","44","T4 Total-Canine/Feline OUT"
"FEL23","18.99","44","FEL23"
"MEDI 138","49.92","44","MEDI 138"
"T760","93","44","Urinalysis In House(with reg cysto/cath)"
"MEDI 17","38.85","44","MEDI 17"
"CANIN4","22.2","44","CANIN4"
"CART","25","44","CART"
"111959","42","43","111959"
"118594","9.5","43","118594"
"124310","40.36","43","124310"
"129820","20.65","43","129820"
"99005471","19.8","43","99005471"
"0015A","80","43","Mature Spay >40lb Add-On"
"025116","69.48","43","025116"
"PILL 5","7.28","43","PILL 5"
"MIR 1","19","43","MIR 1"
"I1","90.06","43","I1"
"400","26","42","400"
"124131","32.58","42","124131"
"124184","38","42","124184"
"131729","28.22","42","131729"
"137069","65.98","42","137069"
"137836","62","42","137836"
"GAP","31.2","42","GAP"
"ACE","15","42","ACE"
"DRONTAL","19.2","42","DRONTAL"
"111295","77.99","41","111295"
"113031","100.9","41","113031"
"129826","35.66","41","129826"
"132259","10.5","41","132259"
"S1","34.63","41","S1"
"CANIN40","38.49","41","CANIN40"
"RHEUMOC","15","41","RHEUMOC"
"UC","95","41","Urinalysis + Culture in House"
"CANIN16","71.01","41","CANIN16"
"DERMAG","7.28","41","DERMAG"
"RH1","81","41","RH1"
"TOBRA","27.04","41","TOBRA"
"100070","18.72","40","100070"
"106292","34.99","40","106292"
"123545","36.04","40","123545"
"124552","38.4","40","124552"
"129997","82.56","40","129997"
"133803","26.41","40","133803"
"DERMA","19.97","40","DERMA"
"MEDI 47","41.28","40","MEDI 47"
"GEN","222.9","40","General Panel with CPL IN CLINIC"
"0026","155","40","0026"
"CLAVA6","19.28","40","CLAVA6"
"114424","35","39","114424"
"120501","51.8","39","120501"
"128902","8.52","39","128902"
"137640","22.96","39","137640"
"140366","120","39","140366"
"FEL6","49.94","39","FEL6"
"0013","399","39","0013"
"GERPUW","303.9","39","Geriatric Panel + Urinalysis In house"
"SHA2","49","39","SHA2"
"HSSPS","58","39","HSSPS"
"CONV","38","39","Convenia Inj  < 5 kg"
"118034","72.48","38","118034"
"120477","17.7","38","120477"
"127381","40.98","38","127381"
"135933","20.69","38","135933"
"1378390","20.31","38","1378390"
"PILL","8.73","38","PILL"
"000790","18.72","38","000790"
"EAR1","16.64","38","EAR1"
"US51","250","38","Abdominal Ultrasound (RVC)"
"EMESIS","66","38","EMESIS"
"BP","25","38","Blood Pressure Measurement"
"PCV","25","38","PCV"
"VIR","26.62","38","VIR"
"CSA324","97","38","CSA324"
"CSA030","137.74","38","CSA030"
"OPTH5","22.6","38","OPTH5"
"FELIM","40.2","38","FELIM"
"1014","75","37","GI Panel 1- feline (FADR5W)"
"104862","72.59","37","104862"
"117505","111.45","37","117505"
"124680","29.38","37","124680"
"131069","2.91","37","131069"
"131778","102.14","37","131778"
"132257","10.5","37","132257"
"134410","25.17","37","134410"
"FRUCT","53.04","37","FRUCT"
"CANINSU","21.68","37","CANINSU"
"1009AB","35","37","FVRCP + CHLAMIDIA  COMBINED (1 YEAR))"
"2718","113","36","Catheterization-Indwelling Urinary"
"118596","17","36","118596"
"122472","76.44","36","122472"
"122539","32.41","36","122539"
"124395","38.02","36","124395"
"124954","6.99","36","124954"
"125019","19.9","36","125019"
"920609","7","36","920609"
"SHAVE1","232","36","SHAVE1"
"CANIN17","105","36","CANIN17"
"OPTH4","21.56","36","OPTH4"
"VACA","110","36","VACA"
"1406","44.22","35","1406"
"116018","90.42","35","116018"
"117821","163.35","35","117821"
"120500","41.6","35","120500"
"126066","65.18","35","126066"
"128175","38.4","35","128175"
"129829","38","35","129829"
"130654","9.96","35","130654"
"133024","22.88","35","133024"
"133994","92.85","35","133994"
"137313","17.48","35","137313"
"CAN 1","5.4","35","CAN 1"
"U4","19.71","35","U4"
"AMIL","29.4","35","AMIL"
"VETO1","105","35","VETO1"
"FVR1","30","35","Feline FVRCP 1st Vaccination"
"GENAL2","222.9","35","GENAL2"
"HSCP","38","35","Hospital Suplies - Peel Pack"
"102970","56.88","34","102970"
"103961","75","34","103961"
"114565","25.99","34","114565"
"119673","82.74","34","119673"
"120001","56.39","34","120001"
"121901","11.5","34","121901"
"125069","24.26","34","125069"
"125194","12.07","34","125194"
"125223","22.69","34","125223"
"125663","7.4","34","125663"
"126016","23.6","34","126016"
"128198","65.04","34","128198"
"129812","23.26","34","129812"
"137068","34.99","34","137068"
"DENTALFE","335","34","DENTALFE"
"NOVO3","33.84","34","NOVO3"
"MED 200","18.34","34","MED 200"
"CANIN18","38.49","34","CANIN18"
"DENTALC","9.83","34","DENTALC"
"AGF2","30","34","AGF2"
"HILLS71","8.8","34","HILLS71"
"NOVO2","14.5","34","NOVO2"
"CAT4","46","34","CAT4"
"1700","60","33","Abscess Flush"
"111298","42.98","33","111298"
"118192","35.4","33","118192"
"128222","40.44","33","128222"
"134295","15.58","33","134295"
"US51A","329","33","Abdominal Ultrasound - RVC"
"FEL17","29.99","33","FEL17"
"GPCPL","308.9","33","Geriatric Panel + Pancreatic Lipase"
"FEL24","46.1","33","FEL24"
"105","25","32","105"
"115290","9.53","32","115290"
"117010","29.96","32","117010"
"123542","23.1","32","123542"
"125058","26.58","32","125058"
"125244","29.4","32","125244"
"137312","11.19","32","137312"
"137570","17.22","32","137570"
"141169","93.08","32","141169"
"CBC 1","53.8","32","CBC IN"
"PANAL","20.8","32","PANAL"
"SPLI1","75","32","SPLI1"
"PRICR333","280","32","Private Cremation w/ Urn 10.1kg-45kg"
"FEL44","10.48","32","FEL44"
"FL2","30","32","FL2"
"1012","35","31","Puppy Da2ppv combined"
"111293","59.99","31","111293"
"122352","51.53","31","122352"
"126234","16.6","31","126234"
"128844","20.56","31","128844"
"128910","12.24","31","128910"
"133025","24.48","31","133025"
"134493","66.86","31","134493"
"1-410","19","31","1-410"
"PET1","122","31","PETRAYS (24 H REPORT )"
"017277","55","31","Snap Parvo Test"
"TRA2","32.16","31","TRA2"
"0202","100.43","31","Sedation IM >40  Kg"
"0009A","399","31","0009A"
"MEDI 105","23","31","MEDI 105"
"MEDI 71","44.16","31","MEDI 71"
"MEDI 92","29.05","31","MEDI 92"
"CONV2","21.44","31","CONV2"
"CANINSUL","42.52","31","CANINSUL"
"J","18.72","31","J"
"1711","27","30","1711"
"8513","21","30","8513"
"124220","58.48","30","124220"
"125469","16.7","30","125469"
"128551","45","30","128551"
"128901","4.26","30","128901"
"133619","41.4","30","133619"
"140510","75.6","30","140510"
"4848130","34.1","30","4848130"
"CONV1","30","30","CONV1"
"PROFEND1","19.5","30","PROFEND1"
"CANIN23","30.77","30","CANIN23"
"001420","48","30","001420"
"HILLS 70","9.15","30","HILLS 70"
"ANEX3","29","30","Deworming Ex (File  Travel  History  kg)"
"BLOOD","119.5","30","BLOOD"
"T225","167.9","30","T225"
"J1","47.84","30","J1"
"MAL","19.98","30","MAL"
"T435","165.9","30","T435"
"0025A","235","30","0025A"
"8512","12","29","8512"
"105645","30.6","29","105645"
"107278","47.2","29","107278"
"109630","14","29","109630"
"112092","62.4","29","112092"
"116985","142.8","29","116985"
"117906","116.99","29","117906"
"123546","92.81","29","123546"
"124185","70","29","124185"
"128305","28","29","128305"
"132100","218.28","29","132100"
"132262","12.59","29","132262"
"132308","24.93","29","132308"
"132338","62.98","29","132338"
"134418","31.24","29","134418"
"TOB","19.76","29","TOB"
"0009","359","29","0009"
"PHE","65.92","29","Phenobarbital Level OUT"
"CERENIA","17","29","CERENIA"
"SUTRAM","20.64","29","SUTRAM"
"007233","90","29","Snap Feline Leukemia & Feline Immunodefi"
"THERH","9.96","29","THERH"
"AVEN","18.3","29","AVEN"
"VACCFELI","99","29","VACCFELI"
"112648","48.96","28","112648"
"115881","36.6","28","115881"
"118397","19.16","28","118397"
"124658","36.18","28","124658"
"125224","23.17","28","125224"
"137162","23.69","28","137162"
"137954","14.5","28","137954"
"139333","70.8","28","139333"
"125223A","95.78","28","125223A"
"FEL46","10.05","28","FEL46"
"FEL47","9.75","28","FEL47"
"FDCD","199.9","28","Diarrhea RealPCR Panel (Comp)Feline OUT"
"GEN 3A","203.9","28","GEN 3A"
"THMS5-8","47.5","28","THMS5-8"
"CHEM5","72","28","Geriatric Panel + Fructosamine"
"CANIN21","38.49","28","CANIN21"
"CAT","2.08","28","CAT"
"THERA","29.98","28","THERA"
"1","10","27","Cash Payment"
"1234","58.5","27","Impression Smear with cytology"
"104376","6.39","27","104376"
"107276","49.2","27","107276"
"111296","88.98","27","111296"
"117178","7.69","27","117178"
"122648","19.11","27","122648"
"122691","31.08","27","122691"
"123537","56.88","27","123537"
"126198","32.4","27","126198"
"130007","57.99","27","130007"
"130726","59.49","27","130726"
"130917","11.4","27","130917"
"131780","53.27","27","131780"
"137837","140","27","137837"
"US4","175","27","US4"
"FORTIFLO","7.28","27","FORTIFLO"
"CYT","125.9","27","CYT"
"EMEX","95.8","27","EMEX"
"001422","61.36","27","001422"
"0401","17.6","27","0401"
"MEDI 40","28.83","27","MEDI 40"
"FEL 2","63.99","27","FEL 2"
"DENTALB","250.4","27","Dental Block up to 4 quadrants"
"CANIN77","43.2","27","CANIN77"
"NURI","16.85","27","NURI"
"AVENTIX","10.4","27","AVENTIX"
"112549A","130.95","27","112549A"
"MEDI 87","49.06","27","MEDI 87"
"WBMD1","330.5","27","WBMD1"
"100035","13.5","26","100035"
"100490","45.45","26","100490"
"106544","67.8","26","106544"
"109235","50.34","26","109235"
"111292","59.99","26","111292"
"113030","51.18","26","113030"
"119316","65","26","119316"
"123464","38.5","26","123464"
"125661","33.99","26","125661"
"125670","53.98","26","125670"
"126780","18.02","26","126780"
"132307","17.3","26","132307"
"134495","42.82","26","134495"
"138950","14.99","26","138950"
"140363","110.6","26","140363"
"140698","57.96","26","140698"
"U5","44.08","26","U5"
"PROH","18.2","26","PROH"
"U/A","28","26","U/A"
"PREDNISO","18.6","26","PREDNISO"
"TRA4","21.6","26","TRA4"
"PE6","259","26","Pediatric(<5 Months) Canine Spay < 15 kg"
"TRIL","72","26","TRIL"
"DENTCALA","375","26","Dental - Canine 20kg"
"PARA","41.5","26","Fungal Culture IN"
"1315","108.9","25","1315"
"115313","21.2","25","115313"
"116355","36.94","25","116355"
"118027","52.99","25","118027"
"119298","45.99","25","119298"
"124183","9.33","25","124183"
"131241","53.28","25","131241"
"132406","26.64","25","132406"
"134024","10.42","25","134024"
"139347","63","25","139347"
"140387","88.56","25","140387"
"4524037","44.52","25","4524037"
"INTER","7","25","INTER"
"CSY","120","25","CSY"
"GABBA50","69.6","25","GABBA50"
"ADDONJ","45","25","ADDONJ"
"0008","299","25","Canine - Neuter 10.1kg - 23kg"
"PIM","30.3","25","PIM"
"U","27.65","25","U"
"FLEX1","28","25","FLEX1"
"125221A","90.48","25","125221A"
"0025","199","25","Rescue  K9  Spay  15 - 20 kg"
"I5","32.75","25","I5"
"MILB","9","25","MILB"
"FEL14","54.9","25","FEL14"
"CT497","67.63","25","T4 post pill Antech"
"125222A","91.5","25","125222A"
"1011","35","24","Leukemia   Kitten 1 Combined"
"1015","50","24","House Call(Travel Fee)-add mileage"
"1057","80","24","Tonometry - Tonopen"
"1722","56.2","24","Clean Wound/ Sore"
"100294","9.12","24","100294"
"109201","15","24","109201"
"112088","27.99","24","112088"
"112657","39","24","112657"
"112658","75","24","112658"
"117740","109.89","24","117740"
"120508","85.63","24","120508"
"121594","20.88","24","121594"
"125655","81.7","24","125655"
"128552","59.99","24","128552"
"131237","43.65","24","131237"
"133610","26.57","24","133610"
"135957","38.72","24","135957"
"136205","25.22","24","136205"
"138277","26","24","138277"
"140582","60.86","24","140582"
"CANIN22","85.95","24","CANIN22"
"STRA","24.48","24","STRA"
"CANIN60","40.8","24","CANIN60"
"AXCAN PH","24.96","24","AXCAN PH"
"000791A","11","24","000791A"
"PILL 4","6.7","24","PILL 4"
"102586","7.28","23","102586"
"102995","62.44","23","102995"
"120510","85.63","23","120510"
"125269","29.36","23","125269"
"126018","29.15","23","126018"
"128090","41.92","23","128090"
"130780","20.29","23","130780"
"131065","165.16","23","131065"
"131239","23.87","23","131239"
"132115","26.19","23","132115"
"132332","25.14","23","132332"
"137317","51.3","23","137317"
"139261","6.5","23","139261"
"5537255","34.8","23","5537255"
"BUPSCONA","17","23","BUPSCONA"
"U6","73.17","23","U6"
"CANIN47","53.99","23","CANIN47"
"TRIZE","20.5","23","TRIZE"
"MEDI134","7.83","23","MEDI134"
"THERJ","17.48","23","THERJ"
"125224A","107.85","23","125224A"
"NOVO","16.85","23","NOVO"
"020225","15","23","020225"
"308","70","22","308"
"106306","18","22","106306"
"113182","25.4","22","113182"
"115315","104.96","22","115315"
"119327","65.98","22","119327"
"119432","17.2","22","119432"
"120519","110.26","22","120519"
"128903","54.96","22","128903"
"131070","2.91","22","131070"
"132811","20.98","22","132811"
"135972","58.5","22","135972"
"138949","30.3","22","138949"
"139644","95.04","22","139644"
"140705","55.09","22","140705"
"132099T","91.8","22","132099T"
"RIMADYL2","29.12","22","RIMADYL2"
"FEL34","59.01","22","FEL34"
"MISCTR","36","22","MISCTR"
"PAW3","106.8","22","PAW3"
"019199","30.08","22","019199"
"GLA","121","22","GLA"
"PROF 1","14","22","PROF 1"
"T775","52","22","Urine Protein/Creatinine Ratio - Idexx"
"SENG","16.5","22","SENG"
"CANIN53","38.18","22","CANIN53"
"009626","15","22","009626"
"CANIN","28","22","CANIN"
"105105","2.62","21","105105"
"111294","60","21","111294"
"114357","6.79","21","114357"
"119803","17.11","21","119803"
"123183","87.36","21","123183"
"125660","79.92","21","125660"
"130540","59.04","21","130540"
"132114","17.94","21","132114"
"132850","108.76","21","132850"
"133027","25.39","21","133027"
"136064","33.56","21","136064"
"137881","32.85","21","137881"
"137910","41.76","21","137910"
"140006","26.92","21","140006"
"142466","14.94","21","142466"
"CLIN1","19.7","21","CLIN1"
"I2","32.75","21","I2"
"AXCAN","21","21","AXCAN"
"E-COL3A","15","21","E-COL3A"
"FEL1A","31.68","21","FEL1A"
"ADV5","19.8","21","ADV5"
"TRS","19.68","21","TRS"
"SCARS1","19","21","Rescue Dewormer Internal + External Para"
"TOBRTA1","29.7","21","TOBRTA1"
"CANIN5","57.01","21","CANIN5"
"PILL 3","6.52","21","PILL 3"
"MIR","9","21","MIR"
"K2","121.75","21","K2"
"PE1","225","21","PE1"
"FN","115","21","FN"
"HSPMED","120","21","Hospitalization (Medical)"
"1023","27","20","1023"
"101377","43.82","20","101377"
"106793","43.5","20","106793"
"113032","187.2","20","113032"
"115314","47","20","115314"
"117275","106.46","20","117275"
"118026","19.88","20","118026"
"123538","54.17","20","123538"
"125669","34.99","20","125669"
"129014","37.42","20","129014"
"129358","15","20","129358"
"130011","57.84","20","130011"
"133466","12.55","20","133466"
"137233","55.35","20","137233"
"138254","136.73","20","138254"
"140702","67.5","20","140702"
"99014949","26.58","20","99014949"
"A/D","8.49","20","A/D"
"MED1M","120.4","20","MED1M"
"CATL","3","20","CATL"
"DENTCALG","485","20","Dental - Canine > 20kg"
"CANIN24","125.06","20","CANIN24"
"ADDU","30","20","ADDU"
"TREAT 8","7.84","20","TREAT 8"
"CFBX","160.57","20","Histopathology (1-4 sites) Antech"
"CANIN72","45.36","20","CANIN72"
"0021","125","20","0021"
"MCRC1","20.16","20","MCRC1"
"R1","26.15","20","R1"
"GEN2","80.08","20","GEN2"
"V2","32.76","20","V2"
"LIV","62","20","LIV"
"MEDI 99","60.55","20","MEDI 99"
"101385","38.92","19","101385"
"107356","30","19","107356"
"117908","109.26","19","117908"
"117909","105","19","117909"
"118191","48.6","19","118191"
"119317","92.85","19","119317"
"119321","96.99","19","119321"
"120302","48.72","19","120302"
"123551","26.99","19","123551"
"124010","14.3","19","124010"
"125064","50.66","19","125064"
"125313","38.78","19","125313"
"125528","0.05","19","125528"
"125760","7.66","19","125760"
"130002","45","19","130002"
"131243","57.84","19","131243"
"133467","21.59","19","133467"
"138218","19.12","19","138218"
"138278","28","19","138278"
"138685","43.04","19","138685"
"139688","30.1","19","139688"
"139690","39.99","19","139690"
"MISCS","3.86","19","MISCS"
"CLA","24.9","19","CLA"
"MEDI 128","53.28","19","MEDI 128"
"FORTIFLA","29.12","19","FORTIFLA"
"FEL36","23.64","19","FEL36"
"FVR3","30","19","Feline FVRCP 3rd Vaccination"
"MEDI 14","32.2","19","MEDI 14"
"MEDI 134","13.98","19","MEDI 134"
"MED","5.11","19","MED"
"PILL 6","8.85","19","PILL 6"
"GLUCO","17","19","GLUCO"
"J2","46","19","J2"
"ANESLOC","80","19","ANESLOC"
"SULC","11.75","19","SULC"
"FLEX 1","54","19","FLEX 1"
"VACCFEL","75","19","VACCFEL"
"RESCFEL","18","19","Rescue Feline Leukemia vacc"
"OP","125","19","Opthamlic  Exam (Schirmer+Fluorescein)"
"FS","110","19","FS"
"102968","12.96","18","102968"
"106157","62.4","18","106157"
"115339","19.9","18","115339"
"118231","32.18","18","118231"
"119323","105.99","18","119323"
"119325","70","18","119325"
"122618","17.95","18","122618"
"123295","32","18","123295"
"123836","7.57","18","123836"
"123838","9.53","18","123838"
"124097","22","18","124097"
"124180","92.85","18","124180"
"125067","14.64","18","125067"
"128911","4.24","18","128911"
"129016","70.8","18","129016"
"129746","22.48","18","129746"
"129807","20.3","18","129807"
"130009","55.98","18","130009"
"130010","99.98","18","130010"
"130956","90.54","18","130956"
"131713","34.5","18","131713"
"132800","16.04","18","132800"
"138276","30.9","18","138276"
"140307","33.59","18","140307"
"140385","39.05","18","140385"
"90909997","41.8","18","90909997"
"CLAVA 3","55","18","CLAVA 3"
"NOVO4","18.7","18","NOVO4"
"BIOTENE","22","18","BIOTENE"
"EARP","79.9","18","EARP"
"CLIN","27.56","18","CLIN"
"FEL29","46","18","FEL29"
"MIC","60","18","MIC"
"REUS","295","18","Referral Ultrasound Abdomen"
"FN2","195","18","Fine N. Aspirate w Cytology  Antech"
"PILL1","4.9","18","PILL1"
"URIN1","38.1","18","URIN1"
"BGC","175","18","BGC"
"USG","19","18","USG (Urine Specific Gravity)"
"0026AB","210","18","Rescue K9 Neuter  >  25 kg"
"CHA","32","18","CHA"
"PEPC","15","18","PEPC"
"CANIN34","116.06","18","CANIN34"
"TREA2","4.56","18","TREA2"
"BMS","18","18","Bandage Material - Small"
"4DX","59","18","4DX"
"CLIPCL","89.9","18","CLIPCL"
"100588","29.98","17","100588"
"102594","8.64","17","102594"
"106546","142.5","17","106546"
"115340","23.3","17","115340"
"115971","109.2","17","115971"
"116877","61.8","17","116877"
"118737","25.98","17","118737"
"119315","39.98","17","119315"
"121049","146.4","17","121049"
"121579","58.74","17","121579"
"122275","59","17","122275"
"122704","44.4","17","122704"
"123552","55.99","17","123552"
"124181","120.72","17","124181"
"125222","22.39","17","125222"
"126264","47.82","17","126264"
"126758","34.8","17","126758"
"126762","15.25","17","126762"
"127742","65.83","17","127742"
"131242","47.04","17","131242"
"132416","63.06","17","132416"
"134709","36.04","17","134709"
"137231","110","17","137231"
"139228","16.4","17","139228"
"139571","41.24","17","139571"
"140367","126.29","17","140367"
"140692","63.2","17","140692"
"FEL22","63.79","17","FEL22"
"FEL28","25.1","17","FEL28"
"MEDI 98","27.31","17","MEDI 98"
"TORB","40.7","17","TORB"
"GENU/A","128.75","17","General Panel + U/A IN"
"TR2","22.56","17","TR2"
"VANECTYL","33","17","VANECTYL"
"FEL8","48.39","17","FEL8"
"GPF","40","17","Gingival/Periosteal Flap"
"CANIN20","105","17","CANIN20"
"MEDI 107","21.73","17","MEDI 107"
"MEDI 90","23.04","17","MEDI 90"
"FORT","37.9","17","FORT"
"MEDI 67","13.5","17","MEDI 67"
"G","33.53","17","G"
"TOLF","10","17","TOLF"
"MED 157","24.29","17","MED 157"
"FEL57","68.64","17","FEL57"
"TRE","4.8","17","TRE"
"135948A","16.52","17","135948A"
"2017","60","16","2017"
"105107","24.2","16","105107"
"106545","138","16","106545"
"107290","15.5","16","107290"
"110052","3.05","16","110052"
"112089","61.99","16","112089"
"112422","27","16","112422"
"112650","42.96","16","112650"
"113236","40.47","16","113236"
"113713","13.8","16","113713"
"114786","35.98","16","114786"
"119307","43.68","16","119307"
"120570","26.5","16","120570"
"122351","23.04","16","122351"
"122530","46.98","16","122530"
"124228","74.48","16","124228"
"125056","13.7","16","125056"
"125193","49.26","16","125193"
"125427","25.16","16","125427"
"127367","3.05","16","127367"
"128906","68.16","16","128906"
"129412","21.7","16","129412"
"129413","56.43","16","129413"
"132256","14.71","16","132256"
"132405","25.7","16","132405"
"133023","106.9","16","133023"
"134071","38.4","16","134071"
"138219","26.03","16","138219"
"138938","5.4","16","138938"
"139329","94.58","16","139329"
"139692","21.83","16","139692"
"MEDI 1","79.1","16","MEDI 1"
"MEDI 75","37.08","16","MEDI 75"
"LYTE4","22.05","16","Lyte 4"
"NOVARTIS","38.9","16","NOVARTIS"
"FEL27","85.07","16","FEL27"
"FEL12","54.97","16","FEL12"
"US","500","16","US"
"0502","84","16","0502"
"ZYL","24.13","16","ZYL"
"AARCSR1","3.98","16","AARCSR1"
"CANIN10","36.41","16","CANIN10"
"FLEX2","60.99","16","FLEX2"
"BACT","27","16","BACT"
"METOCL1","15","16","METOCL1"
"MED 107","115.5","16","MED 107"
"FEL37","47.82","16","FEL37"
"023620","6.97","16","023620"
"MED1D","98","16","MED1D"
"V5","32.79","16","V5"
"S","89.44","16","S"
"CHEM","59","16","CHEM"
"SURO1","43.5","16","SURO1"
"NOVOF","15","16","NOVOF"
"ADVNTIX4","20.79","16","ADVNTIX4"
"LP15","200","16","Lumpectomy Per 15 Mintutes"
"INTER7","60.09","16","INTER7"
"PURINA","9","16","PURINA"
"FELIM1","55.8","16","FELIM1"
"FLUOXETI","17.4","16","FLUOXETI"
"FEL35","103.65","16","FEL35"
"CSA120","196.2","16","CSA120"
"240","35.16","15","240"
"1201","58","15","PCV/Ts Blood Smear/Differential"
"102593","8.64","15","102593"
"103615","18.15","15","103615"
"105186","36.75","15","105186"
"109202","13.2","15","109202"
"111507","21","15","111507"
"113024","108.64","15","113024"
"113908","38.95","15","113908"
"115225","14.98","15","115225"
"116875","27","15","116875"
"116986","82.27","15","116986"
"117190","34.2","15","117190"
"117279","10.42","15","117279"
"118735","23.96","15","118735"
"118854","33.89","15","118854"
"120505","123.49","15","120505"
"123187","125.76","15","123187"
"124104","57.6","15","124104"
"124182","24.68","15","124182"
"127802","60.07","15","127802"
"128025","15","15","128025"
"130987","52.92","15","130987"
"135378","18.04","15","135378"
"135726","14.98","15","135726"
"136040","40.66","15","136040"
"139175","80.88","15","139175"
"140730","27","15","140730"
"142179","36.01","15","142179"
"900098","11.5","15","900098"
"RINR","121.9","15","Ringworm(Dermatophyte) RealPCR Panel OUT"
"TREA5","12.16","15","TREA5"
"BOHR","15","15","BOHR"
"NOVPHARM","26.1","15","NOVPHARM"
"US51B","95","15","US51B"
"CADD220","52.06","15","CADD220"
"021817","75","15","021817"
"CANIN62","86.4","15","CANIN62"
"MED 163","100.1","15","MED 163"
"AC","33","15","AC"
"0010","75","15","Cryptorchid (Abdominal)"
"IMREX-CA","8.32","15","IMREX-CA"
"SENT1","19.22","15","SENT1"
"GEN 2","85.9","15","GEN 2"
"FUCI1","56","15","FUCI1"
"GPFPL","308.9","15","GPFPL"
"HAIR","10","15","HAIR"
"MAXI","24.3","15","MAXI"
"BLOODM","87","15","Blood - Minor Pannel (PCV/Ts + Minor Che"
"MEDI1","22.38","15","MEDI1"
"SDMA 1","36","15","SDMA 1"
"RECHECK"","76.6","15","Recheck Vetscreen/CBC Antech"
"CN","200","15","CN"
"CS","250","15","CS"
"BGAK","83.25","15","BGAK"
"SUMMELOX","15","15","SUMMELOX"
"THM2-5","45","15","Take Home Medication Surgery 20-50lb"
"AARCSDPV","4.43","15","AARCS Puppy DPV"
"4628","67.92","14","4628"
"102606","12.96","14","102606"
"109579","45.53","14","109579"
"112647","4.33","14","112647"
"112656","54","14","112656"
"112839","19.2","14","112839"
"113264","19.03","14","113264"
"115288","8.19","14","115288"
"116354","26.84","14","116354"
"116389","26.2","14","116389"
"119002","66.6","14","119002"
"120000","46.17","14","120000"
"122647","17.83","14","122647"
"123547","115.14","14","123547"
"125409","27.12","14","125409"
"125468","17","14","125468"
"127721","21.1","14","127721"
"130015","134","14","130015"
"131231","75.25","14","131231"
"131709","140.98","14","131709"
"132079","51.94","14","132079"
"132211","85.76","14","132211"
"132849","93.3","14","132849"
"132852","17.3","14","132852"
"133799","16.44","14","133799"
"135197","33.54","14","135197"
"135932","8.82","14","135932"
"135971","70","14","135971"
"138275","32.56","14","138275"
"139883","125.01","14","139883"
"140308","61.65","14","140308"
"140364","113.75","14","140364"
"140365","93.64","14","140365"
"140509","68.88","14","140509"
"140559","40.2","14","140559"
"142305","11.58","14","142305"
"142468","29.08","14","142468"
"142873","25.52","14","142873"
"MED144","5.26","14","MED144"
"FEL33","24.35","14","FEL33"
"HYCO","41","14","HYCO"
"FLU1","29","14","Fluids  Additional  Bag"
"MED72","39.6","14","MED72"
"MEDI 16","119.35","14","MEDI 16"
"INJ2","31.5","14","IM/ SQ injection"
"MEDI 133","43.2","14","MEDI 133"
"MEDI 77B","26.95","14","MEDI 77B"
"FEL48","54.96","14","FEL48"
"GER5","238.9","14","GER5"
"0030","58.25","14","Surgical Fee Standard (instr/packs/ster)"
"URIN3","18.5","14","URIN3"
"LANCDR","79.6","14","LANCDR"
"INDUCE","75","14","Induce Vomiting"
"CADD260","49.45","14","CADD260"
"CANIN9","114.13","14","CANIN9"
"CANIN29","42.98","14","CANIN29"
"FEL7","27.06","14","FEL7"
"410 A","38","14","410 A"
"SULF 1","15","14","SULF 1"
"S3","11.2","14","S3"
"TETRA","30.72","14","TETRA"
"5VW","375","14","5VW"
"PROFENDE","18.2","14","PROFENDE"
"PHENO 3","24","14","PHENO 3"
"FIV","103.9","14","FIV/FeLV"
"ADVNTIX3","19.41","14","ADVNTIX3"
"CANIN61","45","14","CANIN61"
"MEDI 96","63.36","14","MEDI 96"
"VACCC","10","14","VACCC"
"R2","48.34","14","R2"
"FF1A","110","14","Feline FVRCPv Annual"
"SCARS","12","14","SCARS"
"LEP1","30","14","Canine Leptospirosis Vaccination"
"1213","232.5","13","Scatter tube 1-10 kg"
"101061","51.43","13","101061"
"111290","27.99","13","111290"
"112549","27.28","13","112549"
"115191","33.17","13","115191"
"116437","21.9","13","116437"
"117503","102.13","13","117503"
"121219","28.5","13","121219"
"121596","13.26","13","121596"
"122690","24","13","122690"
"123308","91","13","123308"
"123310","8.5","13","123310"
"124362","71.64","13","124362"
"125467","15","13","125467"
"128050","19.99","13","128050"
"128065","57.52","13","128065"
"128319","91.76","13","128319"
"128729","63.32","13","128729"
"128918","90.27","13","128918"
"129478","88.3","13","129478"
"130006","116.06","13","130006"
"130014","69","13","130014"
"131240","44.1","13","131240"
"132010","44.99","13","132010"
"132417","104.13","13","132417"
"135278","33","13","135278"
"135468","36","13","135468"
"135820","65.52","13","135820"
"137004","39.38","13","137004"
"138939","5.01","13","138939"
"138947","32.19","13","138947"
"139328","40.42","13","139328"
"140752","37.5","13","140752"
"140902","12.3","13","140902"
"141039","74.4","13","141039"
"141192","22.54","13","141192"
"143775","78.48","13","143775"
"99010308","21.84","13","99010308"
"SEN","161","13","Senior  Welness (Exam-Bp-Bloodwork)"
"TSH","144.9","13","TSH"
"TRA","22","13","TRA"
"VAN","63.08","13","VAN"
"GERUFP","327","13","GERUFP"
"MED 1A","53.9","13","MED 1A"
"CHEMSC","75.9","13","CHEMSC"
"T415","86","13","T415"
"MED1A","53.41","13","MED1A"
"SA310","94.9","13","SA310"
"CADD190","40.82","13","Add on T4 Antech"
"CT7008","94.38","13","Renal profile (chemistry) Antech"
"OXY","152.2","13","Oxygen therapy - first hour"
"FELI 1","42.28","13","FELI 1"
"SPLI2","95","13","Splint and Bandage change Major"
"RH2","132","13","RH2"
"MEDI 154","45.16","13","MEDI 154"
"ADV3","20","13","ADV3"
"EAR","10","13","EAR"
"122648B","108.1","13","122648B"
"AARCSD2","4.4","13","AARCS Da2ppv Puppy 2 Vaccine"
"020062","9.3","13","020062"
"LR15","110","13","LR15"
"SYN","32","13","SYN"
"ANGEL","26.8","13","ANGEL"
"INJ3","7.42","13","INJ3"
"112","115","12","Medetomidine/Dexdemetomidine 11-20 kg"
"100760","0.02","12","100760"
"101378","30.04","12","101378"
"106294","59.04","12","106294"
"108926","12.13","12","108926"
"111586","13.42","12","111586"
"115987","96.23","12","115987"
"120504","57.99","12","120504"
"122706","51.6","12","122706"
"124532","13.3","12","124532"
"125038","43.92","12","125038"
"125057","20.14","12","125057"
"125437","16.2","12","125437"
"127104","41","12","127104"
"128800","8","12","128800"
"129415","56.88","12","129415"
"131784","45.29","12","131784"
"132311","24.93","12","132311"
"134023","7.99","12","134023"
"134026","7.99","12","134026"
"135423","11.38","12","135423"
"137314","25.98","12","137314"
"138946","20.99","12","138946"
"143487","21.64","12","143487"
"ADV","21.55","12","ADV"
"U3","87.13","12","U3"
"MEDI 132","52.32","12","MEDI 132"
"CANIN74","39.36","12","CANIN74"
"VETM2","28.8","12","VETM2"
"MED1L","86.97","12","MED1L"
"FAST","150","12","FAST"
"HOSPUPCM","70","12","UPC Hospitalization Medical Evening"
"0718","102","12","0718"
"MEDI 112","88.17","12","MEDI 112"
"BM2","57.1","12","Vaginal Swab (With Cytology) IN"
"TRAMADOL","38.4","12","TRAMADOL"
"AARCSSP","100","12","AARCSSP"
"CANIN42","29.95","12","CANIN42"
"US8","155","12","US8"
"CLOT15","18.9","12","CLOT15"
"CANIN66","41.52","12","CANIN66"
"FEL40","4.9","12","FEL40"
"R","64.38","12","R"
"MEDI-CAL","95.56","12","MEDI-CAL"
"NOVO 23","27","12","NOVO 23"
"TREA6","6.7","12","TREA6"
"333C","55","12","Canine Dap - Combined"
"CATLA","4.16","12","CATLA"
"METRONID","15","12","METRONID"
"TRIZ","21","12","TRIZ"
"TOBR","22","12","TOBR"
"MEDI 108","54.72","12","MEDI 108"
"CANIN52","103.69","12","CANIN52"
"123255A","43.12","12","123255A"
"METOCL","15","12","METOCL"
"LUS","75","12","US lump exam/asess/measure"
"P","80.38","12","P"
"UBAGLU","37.41","12","UBAGLU"
"AARCSDA1","4.4","12","AARCSDA1"
"MED1R","112.24","12","MED1R"
"CART3","49","12","CART3"
"TREAT7","5.08","12","TREAT7"
"ISOPERH","552","12","Anesthesia - Isoflurane/Hr"
"T4SDMA","35.9","12","T4SDMA"
"114","37.5","11","114"
"107275","26","11","107275"
"108925","11.16","11","108925"
"109637","169.92","11","109637"
"115061","39.57","11","115061"
"115275","164.35","11","115275"
"118287","61.5","11","118287"
"118288","61.5","11","118288"
"118447","18.84","11","118447"
"119306","201.5","11","119306"
"120545","96.01","11","120545"
"120579","28.74","11","120579"
"121221","83","11","121221"
"122700","19.8","11","122700"
"123522","138","11","123522"
"124126","9.96","11","124126"
"127289","65","11","127289"
"127717","29.52","11","127717"
"127720","47.52","11","127720"
"127743","25.51","11","127743"
"128485","86.03","11","128485"
"128843","24.22","11","128843"
"129360","31.2","11","129360"
"129658","20.12","11","129658"
"132260","13.99","11","132260"
"132848","76.6","11","132848"
"133921","99.62","11","133921"
"135301","50","11","135301"
"136776","11.63","11","136776"
"137174","56.98","11","137174"
"137232","20.52","11","137232"
"137952","54.96","11","137952"
"137953","4.9","11","137953"
"139639","83.28","11","139639"
"140697","118.53","11","140697"
"140987","67.18","11","140987"
"143009","69","11","143009"
"1250576","43.7","11","1250576"
"DOCP","142.69","11","DOCP"
"ADV2","20.5","11","ADV2"
"132100T","91.8","11","132100T"
"025114A","35","11","025114A"
"004187","15","11","004187"
"PREDLIQ","32.8","11","PREDLIQ"
"UPCR","66","11","Urine Protein/Creatinine Ratio OUT"
"PRICR222","345","11","Private Cremation w/ Wood Urn 1.1kg-10kg"
"0613","16.42","11","0613"
"MEDI 74","2.91","11","MEDI 74"
"ECO","0.25","11","ECO"
"MEDI137","12.83","11","MEDI137"
"0929","395","11","Senior Canine Gold Package Promo"
"021833","20.42","11","021833"
"MEDI 201","57.84","11","MEDI 201"
"1425AA","29.4","11","1425AA"
"MEDI 32","35.24","11","MEDI 32"
"TERUMO","33","11","TERUMO"
"TREA4","4.9","11","TREA4"
"0033","570","11","0033"
"OPTH11","9","11","OPTH11"
"UBA 1","19.9","11","UBA 1"
"SHA","31","11","SHA"
"NAIL","30","11","Nail Trim  Extended"
"CLEANING","200","11","CLEANING"
"5VW1","55","11","5VW1"
"PCV2","15.3","11","PCV2"
"CBC","87.9","11","CBC"
"MED 45","101.06","11","MED 45"
"MED200","38.64","11","MED200"
"WC1","262.5","11","Cytology w/ Micro Description (1 site)"
"DISTEC","85","11","DISTEC"
"ABD","80","11","Abdominocentesis ( for diagnostic only)"
"OFL","20","11","OFL"
"LH","167.9","11","Leutenizing Hormone Assay"
"AMUL","283.9","11","AMUL"
"METHRX","114.98","11","METHRX"
"GPCU","331.9","11","GPCU"
"PCSB","112.5","11","Gateway Urn - Satin Bag"
"NTR","50","11","Nail (Torn) Removal"
"102","60","10","Anesthesia Monitoring"
"121","75","10","121"
"305","100","10","305"
"1203","43.08","10","1203"
"1720","71","10","1720"
"6298","35","10","6298"
"100033","19.2","10","100033"
"100295","16","10","100295"
"102469","67","10","102469"
"103361","11.76","10","103361"
"105646","34.5","10","105646"
"109012","18.42","10","109012"
"109578","40.8","10","109578"
"109802","31.96","10","109802"
"113150","6.12","10","113150"
"117179","11.98","10","117179"
"117306","51.96","10","117306"
"118595","18.38","10","118595"
"119326","86.61","10","119326"
"119989","48.36","10","119989"
"120828","38.66","10","120828"
"121316","55.4","10","121316"
"121356","64.7","10","121356"
"121954","36.45","10","121954"
"122218","18.27","10","122218"
"123837","9.94","10","123837"
"125047","24.55","10","125047"
"125065","100.2","10","125065"
"127382","47.04","10","127382"
"127741","61.33","10","127741"
"128055","54.96","10","128055"
"128117","10.41","10","128117"
"128321","39.9","10","128321"
"128662","75","10","128662"
"129131","102.62","10","129131"
"129824","45.62","10","129824"
"129939","44.88","10","129939"
"130198","12.69","10","130198"
"131228","29.4","10","131228"
"131710","45.99","10","131710"
"132255","14.71","10","132255"
"132261","18.75","10","132261"
"133038","59.84","10","133038"
"133681","13","10","133681"
"133691","21.56","10","133691"
"136065","33.55","10","136065"
"137230","65.19","10","137230"
"138279","42.46","10","138279"
"139374","22.6","10","139374"
"140309","37.37","10","140309"
"140386","3.69","10","140386"
"140986","40.59","10","140986"
"142304","11.58","10","142304"
"143855","66.6","10","143855"
"144620","34","10","144620"
"6916760","67","10","6916760"
"0212","71.04","10","0212"
"CBC1","67","10","CBC1"
"PHEA","88.9","10","PHEA"
"STRATHC","35.76","10","STRATHC"
"127 719","45.45","10","127 719"
"FEL49","58.08","10","FEL49"
"VET","16.83","10","VET"
"MED 1","8.4","10","MED 1"
"PRICRE44","320","10","PRICRE44"
"DOXYC","19.1","10","DOXYC"
"CANIN54","81.61","10","CANIN54"
"US2A1","175","10","US2A1"
"4VW","300","10","4VW"
"CANIN2","80.89","10","CANIN2"
"MEDI  61","32.2","10","MEDI  61"
"MEDI139","16.8","10","MEDI139"
"PA1","16","10","PA1"
"CS16345","96.64","10","Fructosamine Antech"
"CT440","163.6","10","Cortisol 2 sample (POST ACTH) Antech"
"MEDI 91A","1.93","10","MEDI 91A"
"FEL15","37","10","FEL15"
"PRAZ","12.5","10","PRAZ"
"I6","90.06","10","I6"
"ECTO","16.64","10","ECTO"
"BREX","55","10","Exam  Exotics"
"PHENO 1","28.8","10","PHENO 1"
"CLOM80","75","10","CLOM80"
"002445","1.5","10","002445"
"NOVOPHAR","15.65","10","NOVOPHAR"
"PROFEND2","25.5","10","PROFEND2"
"114526IC","15","10","114526IC"
"0019","361","10","Feline Neuter And Declaw"
"NOVO1","27.2","10","NOVO1"
"GERFPW","190","10","GERFPW"
"0014","459","10","Canine - Spay 36-45kg"
"V4","17.42","10","V4"
"VOLT","29","10","VOLT"
"REN 1","25","10","REN 1"
"000791","29","10","000791"
"MEDI 88","21.98","10","MEDI 88"
"MSAO","84.78","10","Mature Spay <40lb Add-On"
"NAILTRAD","39.99","10","NAILTRAD"
"HSSPE","104.3","10","HSSPE"
"CDLSR3","200","10","CD Laser speed healing/pain control 6 tx"
"IVLSCBC","90","10","PAB"
"8732","26","9","8732"
"13943","7.35","9","13943"
"100535","18.9","9","100535"
"102612","13.09","9","102612"
"105113","97","9","105113"
"106119","5.98","9","106119"
"108741","55.08","9","108741"
"109373","22.44","9","109373"
"109577","24","9","109577"
"111933","38.16","9","111933"
"115023","60","9","115023"
"115342","52.86","9","115342"
"115433","10","9","115433"
"116134","13.86","9","116134"
"117025","122.19","9","117025"
"117913","57.31","9","117913"
"119885","3.86","9","119885"
"120512","112.7","9","120512"
"120827","38.66","9","120827"
"121046","81.24","9","121046"
"122482","52.66","9","122482"
"122529","47","9","122529"
"122549","113.99","9","122549"
"122566","6.3","9","122566"
"122689","22","9","122689"
"123140","120.4","9","123140"
"123141","125.18","9","123141"
"123544","60","9","123544"
"124239","50.66","9","124239"
"124659","22.08","9","124659"
"125068","19.68","9","125068"
"127713","91.61","9","127713"
"127805","41.1","9","127805"
"128033","35.04","9","128033"
"128082","126.91","9","128082"
"128328","15.74","9","128328"
"128418","19.39","9","128418"
"128907","8.96","9","128907"
"129241","13.76","9","129241"
"129361","124.46","9","129361"
"129407","72.42","9","129407"
"130160","21.89","9","130160"
"130724","35","9","130724"
"130973","12.28","9","130973"
"131779","55.72","9","131779"
"131789","39.55","9","131789"
"132258","14.71","9","132258"
"133043","169.66","9","133043"
"133798","16.44","9","133798"
"133897","50.66","9","133897"
"135466","23","9","135466"
"135817","87.84","9","135817"
"135819","57.69","9","135819"
"136687","3.57","9","136687"
"137163","119.12","9","137163"
"137234","67.98","9","137234"
"138893","11.96","9","138893"
"139083","20","9","139083"
"139176","49.7","9","139176"
"139264","10.76","9","139264"
"139427","9.2","9","139427"
"140558","30.14","9","140558"
"140580","28.38","9","140580"
"140688","138","9","140688"
"143563","380.06","9","143563"
"143776","78.48","9","143776"
"144618","15.6","9","144618"
"145098","6.5","9","145098"
"905008","28.85","9","905008"
"1082988","50.06","9","1082988"
"90900525","54","9","90900525"
"99012999","16.8","9","99012999"
"FOR","9.69","9","FOR"
"NEW","33","9","NEW"
"APOA","20.4","9","APOA"
"025114","5","9","025114"
"MAXIMILL","7.28","9","MAXIMILL"
"INJ1","12","9","INJ1"
"PIMOSUMM","50.4","9","PIMOSUMM"
"BAY","43.5","9","BAY"
"CANIN73","14.15","9","CANIN73"
"CANIN37","118.09","9","CANIN37"
"STRAM","24.4","9","STRAM"
"TRAMA","31.2","9","TRAMA"
"ENAL 1","23.62","9","ENAL 1"
"SUM","20.88","9","SUM"
"CANIN45","90.01","9","CANIN45"
"INTEC","70","9","Export Document Paper Work"
"LIVER","171.9","9","LIVER"
"METSYRIN","13.17","9","METSYRIN"
"0930","365","9","0930"
"CCYTO","128.7","9","CCYTO"
"MED 160","31.85","9","MED 160"
"CORTIS","26.35","9","CORTIS"
"CSA036","182.7","9","Vetscreen/CBC/UA Antech"
"MEDICAL2","29.05","9","MEDICAL2"
"MEDI 126","109.2","9","MEDI 126"
"P1","23.13","9","P1"
"MED107","17.85","9","MED107"
"MEDI 6","30.26","9","MEDI 6"
"ADVNTIX2","18.38","9","ADVNTIX2"
"IMREX2","6","9","IMREX2"
"SENT3","14.59","9","SENT3"
"PIVCO","72","9","Peripheral IV Catheter - Only"
"122646B","95.58","9","122646B"
"TREA3","12.94","9","TREA3"
"US2A","175","9","US2A"
"NOVO 12","19.84","9","NOVO 12"
"ATES","51","9","ATES"
"BGI","68.5","9","Blood Glucose Interpretation"
"PRO1","47","9","PRO1"
"VACC10","85","9","VACC10"
"CANIN38","42","9","CANIN38"
"U2","26.59","9","U2"
"CSA705","244","9","Senior Well (Superchem/CBC/T4/UA) Antech"
"02-17","38.88","9","02-17"
"CANIN31","120.01","9","CANIN31"
"CAN","30","9","CAN"
"0015","130","9","0015"
"HNSE","97","9","HNSE"
"CART2","34","9","Cartrophen Inj < 1.5 ml"
"410","14","8","Extraction Deciduous"
"1800","55","8","1800"
"8005","22","8","8005"
"12941","88.8","8","12941"
"101108","11.2","8","101108"
"101375","42.74","8","101375"
"106331","28.12","8","106331"
"110050","3.05","8","110050"
"111859","30.57","8","111859"
"112807","7.2","8","112807"
"113594","61.34","8","113594"
"115952","103.3","8","115952"
"117294","70.08","8","117294"
"118366","22.96","8","118366"
"118579","161.56","8","118579"
"119301","50.01","8","119301"
"119723","23.2","8","119723"
"120503","108.64","8","120503"
"120511","51.17","8","120511"
"121351","20.99","8","121351"
"121981","7.59","8","121981"
"122471","36","8","122471"
"122646","16.9","8","122646"
"122688","22","8","122688"
"123526","4.49","8","123526"
"123570","70.8","8","123570"
"124944","6.99","8","124944"
"125066","12.3","8","125066"
"125367","15","8","125367"
"125672","38.99","8","125672"
"127037","30.03","8","127037"
"127898","24.6","8","127898"
"128031","85.42","8","128031"
"129639","25.8","8","129639"
"130161","27.7","8","130161"
"130475","44.38","8","130475"
"131232","93.12","8","131232"
"131234","45.24","8","131234"
"131739","1.48","8","131739"
"131750","15.64","8","131750"
"131774","141.97","8","131774"
"131782","66.49","8","131782"
"131783","63.49","8","131783"
"131787","60","8","131787"
"132073","40.16","8","132073"
"132423","23.7","8","132423"
"132530","79.38","8","132530"
"132531","26.27","8","132531"
"132851","124.24","8","132851"
"133743","78.96","8","133743"
"136204","20.19","8","136204"
"137593","59.85","8","137593"
"137967","8.94","8","137967"
"138264","72.12","8","138264"
"139174","12.48","8","139174"
"139691","35.68","8","139691"
"139884","166.06","8","139884"
"140171","2","8","140171"
"141038","31.8","8","141038"
"141757","6.42","8","141757"
"904697","18.54","8","904697"
"3082436","17.52","8","3082436"
"90902523","30","8","90902523"
"90912711","148.11","8","90912711"
"CET1","8","8","CET1"
"CDCD","292","8","CDCD"
"ROBAXIN1","17.1","8","ROBAXIN1"
"NOVA","24.2","8","NOVA"
"SRANIT","15","8","SRANIT"
"IVINJ","29","8","Intravenous Injection"
"AVENTIC","29.5","8","AVENTIC"
"PRO","27.42","8","PRO"
"BG","103","8","Blood Glucose - Additional"
"GAB","18","8","GAB"
"DPF","40","8","DPF"
"MISLAB","168","8","MISLAB"
"FEL41","52.32","8","FEL41"
"VET1","16","8","VET1"
"142836T","99.3","8","142836T"
"0310","124","8","0310"
"DUAL 1","985.4","8","DUAL 1"
"005421","21","8","005421"
"017436","39.23","8","017436"
"MEDI 83","81.21","8","MEDI 83"
"MEDI 46","74.21","8","MEDI 46"
"FEL51","54.96","8","FEL51"
"MEDI 200","107.52","8","MEDI 200"
"CANIN32","44.8","8","CANIN32"
"PALADIN","13.1","8","PALADIN"
"MEDI 68","48.36","8","MEDI 68"
"G3","19.44","8","G3"
"0016","321","8","0016"
"MEDI 91","48.59","8","MEDI 91"
"PREDNIS","31.2","8","PREDNIS"
"STIL","46","8","STIL"
"CANHT","7.95","8","CANHT"
"ADVNTIX1","17.44","8","ADVNTIX1"
"CYPRO","17.8","8","CYPRO"
"ADV1","22.4","8","ADV1"
"PCV1","36","8","PCV - First"
"THERA 1","26.96","8","THERA 1"
"STRO","11.18","8","STRO"
"G4","107.67","8","G4"
"MED1P","120.98","8","MED1P"
"SDMA","66.9","8","SDMA IN"
"ALU 2","12.17","8","ALU 2"
"GLUCO1","43","8","GLUCO1"
"OPTI","10","8","OPTI"
"MEDI 129","37.92","8","MEDI 129"
"MISCT","25","8","Ear Flush"
"THERB","9.96","8","THERB"
"ECO 2","0.25","8","ECO 2"
"025115","139.67","8","025115"
"MEDI  59","57.34","8","MEDI  59"
"BIOTENE1","20","8","BIOTENE1"
"AIP15","138","8","Anesthesia - Isoflurane Per 15 Mins"
"APO-","46","8","APO-"
"031319","51.2","8","031319"
"VETSO","17.68","8","VETSO"
"FLO","25","8","FLO"
"CT750","84.36","8","CT750"
"M2","38.04","8","M2"
"ANALGADD","39.99","8","Anal Gland Add-on"
"SOFTA","60","8","SOFTA"
"DTM","6.5","8","DTM"
"001406","89.44","8","001406"
"GASTP","465","8","GASTP"
"VIRBAC","8.32","8","VIRBAC"
"GIARD1","24","8","GIARD1"
"SA 030","134.6","8","SA 030"
"META","27.76","8","META"
"104","25","7","Pulse Oximeter Monitoring"
"317","245","7","317"
"1757","35","7","Telephone Conversation"
"100456","14.74","7","100456"
"101453","171.05","7","101453"
"102545","12.5","7","102545"
"106164","33.12","7","106164"
"108743","40","7","108743"
"109400","65","7","109400"
"111587","20.42","7","111587"
"112085","31.99","7","112085"
"113013","23.55","7","113013"
"113014","34.26","7","113014"
"113582","59.15","7","113582"
"115341","40.4","7","115341"
"115435","28.06","7","115435"
"115883","84.6","7","115883"
"116624","39.6","7","116624"
"117245","25.22","7","117245"
"117593","104.75","7","117593"
"118274","7.6","7","118274"
"120502","64.84","7","120502"
"121378","48.26","7","121378"
"122547","32.13","7","122547"
"122559","19","7","122559"
"122699","22.8","7","122699"
"123143","41.55","7","123143"
"123568","25.41","7","123568"
"123609","23.8","7","123609"
"123835","7.57","7","123835"
"123978","37.98","7","123978"
"123981","160","7","123981"
"125049","151.28","7","125049"
"125055","13.78","7","125055"
"125216","27.19","7","125216"
"125465","16.2","7","125465"
"125658","67.68","7","125658"
"126769","32","7","126769"
"127113","41.5","7","127113"
"128008","39","7","128008"
"128037","39.98","7","128037"
"128185","10.72","7","128185"
"129006","24","7","129006"
"129654","11.84","7","129654"
"129837","37.73","7","129837"
"130019","95.63","7","130019"
"130970","31.8","7","130970"
"131229","75.25","7","131229"
"132099","216.26","7","132099"
"132212","31.38","7","132212"
"133005","7.29","7","133005"
"133934","9.18","7","133934"
"134060","44.34","7","134060"
"134067","45.29","7","134067"
"135156","23.63","7","135156"
"135815","38.08","7","135815"
"135818","25.5","7","135818"
"136206","25.6","7","136206"
"137864","64.2","7","137864"
"137879","57.6","7","137879"
"137968","3.57","7","137968"
"138971","58.2","7","138971"
"139134","3.82","7","139134"
"139151","3.97","7","139151"
"139213","12.8","7","139213"
"139268","46.34","7","139268"
"139689","45.12","7","139689"
"139886","21.52","7","139886"
"140693","29.99","7","140693"
"141167","54","7","141167"
"141270","22","7","141270"
"143731","51","7","143731"
"144178","44.44","7","144178"
"144313","64.5","7","144313"
"144616","12.07","7","144616"
"4172466","28.86","7","4172466"
"5822464","12.68","7","5822464"
"90901955","36.08","7","90901955"
"MET","26","7","MET"
"MEDI 150","49.15","7","MEDI 150"
"SKB","57","7","SKB"
"K5","35.76","7","K5"
"TYROID","128.9","7","TYROID"
"CPL","77","7","CPL"
"112809A","36.28","7","112809A"
"PRO2","34.94","7","PRO2"
"CANIN3","48.98","7","CANIN3"
"COUR","57.9","7","Courier Fee"
"MEDI 113","44.75","7","MEDI 113"
"KETO","70.8","7","KETO"
"PRED2","24.25","7","PRED2"
"METINJ","2.78","7","METINJ"
"MEDI 70","6.18","7","MEDI 70"
"MEDI138","8.28","7","MEDI138"
"MEDI 73","39.2","7","MEDI 73"
"PVD3","36.96","7","PVD3"
"MEDI 106","60.86","7","MEDI 106"
"AMLO2","91.2","7","AMLO2"
"S2","61.74","7","S2"
"K4","88.17","7","K4"
"RAFTER","21.6","7","RAFTER"
"MED 162","54.97","7","MED 162"
"MEDI 100","18.87","7","MEDI 100"
"METOCL2","29","7","METOCL2"
"005033","15","7","005033"
"DENAS1","168.3","7","DENAS1"
"SEBOSO","24","7","SEBOSO"
"ADENO1","103","7","ADENO1"
"ADENO","69","7","ADENO"
"005428","28.2","7","005428"
"CLOM20","49.2","7","CLOM20"
"0020","650","7","0020"
"11-08-22","19.1","7","11-08-22"
"FSLGI","50","7","FSLGI"
"CANIN41","86.03","7","CANIN41"
"119989.","44.13","7","119989."
"KC3","76.8","7","KC3"
"ACE25","27.04","7","ACE25"
"FEL18","47.03","7","FEL18"
"J3","31","7","J3"
"CLOM5","37.6","7","CLOM5"
"LEU","65.26","7","LEU"
"005422","36","7","005422"
"SX1","225","7","SX1"
"CANIN1","89.9","7","CANIN1"
"FEL13","21.6","7","FEL13"
"P4","28.44","7","P4"
"012613","12.9","7","012613"
"G1","60.43","7","G1"
"051022","106","7","051022"
"H1","44.76","7","H1"
"CD","38","7","CD"
"N","83.02","7","N"
"CDLSR2","50","7","CDLSR2"
"CHEM10","171.7","7","CHEM10"
"BARA","121.9","7","Idexx Bile Acids (Single Sample) Add-on"
"SMELOX","15","7","SMELOX"
"PRIVCREM","105","7","Private Cremation- Exotic"
"0109","838.8","7","Enucleation (Single Eye)"
"SUTRA","23.16","7","SUTRA"
"HSESS","37.5","7","Hospital Supplies - Extra Sx Supplies"
"DAP2","24","7","DAP2"
"CPV","30","7","Canine Parvo (CPV) Vaccination"
"GPFU","331.9","7","Geriatric Panel + Pancreatic Lipase + UA"
"KAO","12","7","KAO"
"HISTOM","171.9","7","HISTOM"
"115","50","6","Sedation SQ  Injection"
"309","85","6","Euthanasia Pocket Pet/ <2kg"
"1285","13.99","6","1285"
"2024","70","6","2024"
"7001","87.9","6","7001"
"100037","15","6","100037"
"102887","46","6","102887"
"104360","10.24","6","104360"
"107543","31.49","6","107543"
"111291","39.29","6","111291"
"111588","16.65","6","111588"
"112652","8.16","6","112652"
"115872","15.99","6","115872"
"115873","36.88","6","115873"
"115882","94.8","6","115882"
"116054","44.38","6","116054"
"120231","15.7","6","120231"
"120515","40.88","6","120515"
"120572","65.63","6","120572"
"121371","109.05","6","121371"
"122219","78.39","6","122219"
"122528","17.13","6","122528"
"122533","96.46","6","122533"
"122555","107.69","6","122555"
"123182","46.63","6","123182"
"123980","42.86","6","123980"
"124309","30.1","6","124309"
"125063","44.39","6","125063"
"125217","71.85","6","125217"
"125455","32.18","6","125455"
"125479","14.4","6","125479"
"126292","85.62","6","126292"
"127706","40","6","127706"
"127712","78.08","6","127712"
"127714","23.25","6","127714"
"128592","15.38","6","128592"
"129011","7.13","6","129011"
"129414","138","6","129414"
"129651","11.57","6","129651"
"129823","14.44","6","129823"
"130017","66.23","6","130017"
"130848","12.84","6","130848"
"130986","335.76","6","130986"
"131233","31.04","6","131233"
"131419","130.64","6","131419"
"131781","135.8","6","131781"
"131972","2.75","6","131972"
"132011","93.98","6","132011"
"132012","129.99","6","132012"
"132146","7.88","6","132146"
"132213","57.98","6","132213"
"133614","146.6","6","133614"
"135199","34.58","6","135199"
"135201","37.82","6","135201"
"135379","32.18","6","135379"
"135469","43.9","6","135469"
"135606","38.64","6","135606"
"136775","11.04","6","136775"
"137070","106.77","6","137070"
"137160","41.2","6","137160"
"137222","23.56","6","137222"
"137327","96","6","137327"
"137394","25.05","6","137394"
"138262","60","6","138262"
"138953","38.08","6","138953"
"139023","22","6","139023"
"139339","18.29","6","139339"
"139879","56","6","139879"
"140224","65.22","6","140224"
"140507","38.88","6","140507"
"140517","79.92","6","140517"
"140701","134.4","6","140701"
"140704","121.8","6","140704"
"141178","76.71","6","141178"
"142311","170.62","6","142311"
"143507","49.7","6","143507"
"143774","74.4","6","143774"
"143789","224.92","6","143789"
"144101","1.54","6","144101"
"144602","12.35","6","144602"
"1250566","27.76","6","1250566"
"3914604","15","6","3914604"
"20192019","10.56","6","20192019"
"90902005","19.73","6","90902005"
"90910494","51.21","6","90910494"
"99003527","12.08","6","99003527"
"MEDI 136","39.84","6","MEDI 136"
"PIMO","65.34","6","PIMO"
"K3","41.9","6","K3"
"PET 2","162","6","PET 2"
"CLINI","11.32","6","CLINI"
"INTERVSP","15","6","INTERVSP"
"NL","55","6","NL"
"THERA1","20.22","6","THERA1"
"WF1","258","6","Fluid Analysis with Cytology Idexx"
"020227","22","6","020227"
"LAC1","14.15","6","LAC1"
"PHENO 4","24.4","6","PHENO 4"
"PRICREM4","245","6","Private Cremation >43.1 kg"
"CANIN71","32.78","6","CANIN71"
"DEW 1","80","6","Dewclaw Removal (bilat)Add On (Attached)"
"FDXGP","129.9","6","FDXGP"
"KIDNEY","132.9","6","Kidney Panel (IN)"
"UCUL","198.9","6","UCUL"
"TYLS","61","6","TYLS"
"SBUP","22.08","6","SBUP"
"CT330","82.6","6","CBC Antech"
"BAY3","22","6","BAY3"
"CLOT30","25.8","6","CLOT30"
"IVO","29","6","IVO"
"MO70","225","6","2m Antibody - Idexx"
"MED1B","92.14","6","MED1B"
"CSA025","106.6","6","Vetscreen Antech"
"T460","108.9","6","T460"
"PE2","249","6","Pediatric(<5 Months) Dog Neuter 15 -25kg"
"FUNGUSS","119.9","6","FUNGUSS"
"MED1E","47.16","6","MED1E"
"TIMOP","26","6","TIMOP"
"DER","22.98","6","DER"
"MEDI 22","36.3","6","MEDI 22"
"MED 177","12.53","6","MED 177"
"CHLOR","11","6","CHLOR"
"J5","66","6","J5"
"NOVOT","13","6","NOVOT"
"PHENO 2","72.4","6","PHENO 2"
"RIMADYL1","12.48","6","RIMADYL1"
"HYDROXIZ","10.04","6","HYDROXIZ"
"US3","150","6","Pregnancy US Diagnosis Rvc"
"FEL50","56.88","6","FEL50"
"BAY1","18.98","6","BAY1"
"1425A","37","6","1425A"
"BUP","42","6","BUP"
"CLIN12","26","6","CLIN12"
"CONV3","55","6","CONV3"
"FEL5","89.17","6","FEL5"
"WR/D/S","66.2","6","Wound Repair/Drain/Suture"
"122647B","99.81","6","122647B"
"EPA","23","6","EPA"
"016969","22.32","6","016969"
"MED 15","85.9","6","MED 15"
"STRATHCO","12.3","6","STRATHCO"
"MEDI 101","33.64","6","MEDI 101"
"OTO1","17","6","OTO1"
"CANIN55","38.18","6","CANIN55"
"NOVO-G","21.87","6","NOVO-G"
"ALUMMIX","21","6","ALUMMIX"
"CAN1","22","6","CAN1"
"REN","22.88","6","REN"
"MEDI 49","22.2","6","MEDI 49"
"P2","42.79","6","P2"
"141169A","64.05","6","141169A"
"OPTH","20.76","6","OPTH"
"PREDNI","40","6","PREDNI"
"RUS","275","6","RUS"
"CANIN25","49.43","6","CANIN25"
"ULTRA 7","475","6","ULTRA 7"
"AARCSN15","75","6","AARCSN15"
"5VWA","66","6","Feeding Tube Placement"
"0025AB","259","6","Rescue K9 Spay  > 30 kg"
"I-DROP","31","6","I-DROP"
"CSA055","95.2","6","PreOp Screen w/CBC Antech"
"0009A1","480","6","Canine - Neuter >45kg"
"MEDI 127","34.65","6","MEDI 127"
"ULTRA8","475","6","ULTRA8"
"FEL11","21.43","6","FEL11"
"MEDI 20","32.9","6","MEDI 20"
"DRAIN","110.2","6","DRAIN"
"DERM1","27","6","DERM1"
"PROP","26.7","6","PROP"
"SHA1","78","6","Total Body Shave"
"BLOOD1","139.5","6","Bloodwork - General Panel + U/A"
"CARTR","34.8","6","CARTR"
"MEDI 95","28","6","MEDI 95"
"DEBSUT","223","6","Debride and Suture Wound (per 10 mins)"
"CSA020","166.68","6","CSA020"
"BENAZ","133.38","6","BENAZ"
"CANIN33","88.98","6","CANIN33"
"FELI","55","6","FELI"
"MED1C","41.12","6","MED1C"
"HOSPUPCS","45","6","HOSPUPCS"
"VET SOLU","17","6","VET SOLU"
"OPTIM","19","6","OPTIM"
"EXONT","20.5","6","Nail Trim (Exotic) -Tech"
"PANSNAP","53.9","6","Snap Pancreatitis Test"
"BM22","55","6","Fecal Floation & Smear IN"
"SM1W","211.5","6","SmallMammal Comprehensive Profile"
"106","125","5","ECG in Clinic( 3 readings)"
"313","266","5","313"
"2019","135","5","Behavioural Consultation"
"6294","155","5","Medetomidine/Dexdemetomidine > 45 kg"
"8517","28","5","8517"
"13855","29.2","5","13855"
"100095","106","5","100095"
"100729","20.82","5","100729"
"101018","5.1","5","101018"
"101100","29.95","5","101100"
"101362","11.98","5","101362"
"101640","7.1","5","101640"
"103071","46.41","5","103071"
"104091","18.58","5","104091"
"104270","1","5","104270"
"105664","7.62","5","105664"
"107744","5.88","5","107744"
"108740","33","5","108740"
"108742","36.26","5","108742"
"110066","35.12","5","110066"
"112655","54","5","112655"
"112808","21","5","112808"
"113015","40.7","5","113015"
"113511","24.16","5","113511"
"114355","9.69","5","114355"
"114615","39.9","5","114615"
"115344","18.58","5","115344"
"115877","22.49","5","115877"
"116878","43.95","5","116878"
"117158","16.9","5","117158"
"117567","45.21","5","117567"
"117887","2","5","117887"
"118448","65.2","5","118448"
"118591","110.59","5","118591"
"118693","36.5","5","118693"
"119302","109.66","5","119302"
"119303","42.98","5","119303"
"119309","106.77","5","119309"
"119328","103","5","119328"
"120462","19.28","5","120462"
"120478","20.55","5","120478"
"121048","68.88","5","121048"
"121376","78.94","5","121376"
"121727","17.87","5","121727"
"122531","62.67","5","122531"
"123184","62.98","5","123184"
"123185","62.68","5","123185"
"123299","10.85","5","123299"
"123498","3.09","5","123498"
"123916","81","5","123916"
"123918","23.56","5","123918"
"123982","8.12","5","123982"
"124132","35.88","5","124132"
"124470","76.58","5","124470"
"125015","30.52","5","125015"
"125039","40.85","5","125039"
"125413","35.7","5","125413"
"125450","50.4","5","125450"
"125601","75.7","5","125601"
"125664","47","5","125664"
"127722","1.75","5","127722"
"128040","85.99","5","128040"
"128049","4.18","5","128049"
"128053","68.65","5","128053"
"128904","4.58","5","128904"
"128905","52.92","5","128905"
"129827","56.22","5","129827"
"129866","180","5","129866"
"130003","40.97","5","130003"
"131072","9.8","5","131072"
"131236","23.87","5","131236"
"131559","2.5","5","131559"
"132210","84.9","5","132210"
"132264","13","5","132264"
"132532","52.02","5","132532"
"133598","30.56","5","133598"
"136203","16.42","5","136203"
"136814","11.29","5","136814"
"136867","8.48","5","136867"
"136986","10","5","136986"
"137102","18.9","5","137102"
"137289","126.99","5","137289"
"137403","9.8","5","137403"
"137948","72.56","5","137948"
"138037","7.16","5","138037"
"139177","73.26","5","139177"
"139198","140","5","139198"
"139393","65.07","5","139393"
"139467","5.48","5","139467"
"139473","3.63","5","139473"
"139882","70","5","139882"
"139885","22.84","5","139885"
"140514","76.8","5","140514"
"140522","67.2","5","140522"
"140581","59.04","5","140581"
"141275","22","5","141275"
"142319","49.17","5","142319"
"142546","10.47","5","142546"
"144100","93.12","5","144100"
"145149","6.52","5","145149"
"4304929","20.41","5","4304929"
"4640027","12.92","5","4640027"
"4958165","13.95","5","4958165"
"90900828","3.32","5","90900828"
"99011495","26.7","5","99011495"
"99013782","7.54","5","99013782"
"99015837","70.14","5","99015837"
"DO","28","5","DO"
"MEDI 42","58.45","5","MEDI 42"
"DEXA","180.25","5","DEXA"
"T435A","234.9","5","T435A"
"WDDC","50","5","WDDC"
"072019","49.8","5","072019"
"NOR1","17.88","5","NOR1"
"CHEW","15.9","5","CHEW"
"BAY2","34.5","5","BAY2"
"XMAS10","6.45","5","XMAS10"
"XMAS9","7.25","5","XMAS9"
"CANIN59","46.92","5","CANIN59"
"US10","402","5","US10"
"000","293","5","Histopathlology with FVS"
"002","130","5","002"
"XMAS4","4","5","XMAS4"
"CSA665","83.7","5","Adult Chem Antech"
"CSA600","108.9","5","Adult Chem CBC"
"MEDI 13","62.5","5","MEDI 13"
"CFLUA","174.07","5","Fluid Analysis with Cytology Antech"
"102.557","15.12","5","102.557"
"CLOT25","23.5","5","CLOT25"
"CIS1","91.4","5","CIS1"
"116A","16","5","Anesthesia - Topical Ophthalmic Freezing"
"SUMFURO","49.76","5","SUMFURO"
"UBA","29","5","UBA"
"MEDI 31","69.52","5","MEDI 31"
"005432","22.9","5","005432"
"MEDI  51","51.8","5","MEDI  51"
"MED 150","58.88","5","MED 150"
"EXO","17","5","EXO"
"U1","62.67","5","U1"
"FORT5","44.2","5","FORT5"
"MEDI 18","68.62","5","MEDI 18"
"MANUK","35","5","Manuka Honey Bandage"
"010634","71.04","5","010634"
"TRAMDOL","15","5","TRAMDOL"
"CLIN2","34.4","5","CLIN2"
"HYDROXI","29.4","5","HYDROXI"
"CANIN13","86.95","5","CANIN13"
"LAC","11","5","LAC"
"PROG","82.4","5","PROG"
"CANIN68","88.08","5","CANIN68"
"NOVA 3","13.85","5","NOVA 3"
"MEDI 111","36.8","5","MEDI 111"
"CANIN65","10.95","5","CANIN65"
"MEDI 15","60.9","5","MEDI 15"
"CANIN6","30.62","5","CANIN6"
"114526 A","15","5","114526 A"
"MED1J","109.89","5","MED1J"
"MEDI 86","39.06","5","MEDI 86"
"MED1O","37.45","5","MED1O"
"COO","150","5","Coombs & 4DX to Idexx"
"MISCTP","59","5","MISCTP"
"M1","36.96","5","M1"
"SURO2","119","5","SURO2"
"STRATH","7.85","5","STRATH"
"GWLPN","185","5","Gateway Lasting Paws Natural"
"OTOS","30","5","Otoscopic/Osurnia Recheck Exam"
"CANIN19","71","5","CANIN19"
"05-15","38.76","5","05-15"
"CUL","198.9","5","Aerobic Culture (Organism ID and Suscept"
"CORR","131.9","5","Cortisol (Random) OUT"
"00111","312","5","00111"
"RE","30","5","Rectal Exam"
"AZI2","41.16","5","AZI2"
"NAILTRIM","49.99","5","Nail Trim (Dogs/Cats) - Technologist"
"E-COL3C","22","5","E-COL3C"
"FLTGV","109.9","5","FLTGV"
"SED-IM","120","5","Sedation - Intramuscular"
"DOLP","26.6","5","DOLP"
"CM020","109.9","5","CM020"
"121485A","39.9","5","121485A"
"PIMO1.25","96","5","PIMO1.25"
"ULTRA 8","60","5","Dedicate Tech per hour"
"009614","36.66","5","009614"
"UBAV","23","5","UBAV"
"PARA1","25.5","5","PARA1"
"012609","16","5","012609"
"TON","11.9","5","TON"
"SC","120","5","SC"
"CN2","295","5","CN2"
"V 3  FEL","70","5","V 3  FEL"
"MEDI 114","18.16","5","MEDI 114"
"ECLIPS","24","5","ECLIPS"
"S14DR","65","5","S14DR"
"3","263.25","4","3"
"200","26","4","200"
"409","25","4","409"
"1113","36.5","4","1113"
"1425","20","4","1425"
"1780","35","4","1780"
"7093","165.9","4","7093"
"8032","362","4","8032"
"12047","13.35","4","12047"
"100281","12.3","4","100281"
"101109","15.12","4","101109"
"101363","10.98","4","101363"
"101370","22.4","4","101370"
"101650","24.53","4","101650"
"101653","31.3","4","101653"
"102600","6.66","4","102600"
"102982","42.05","4","102982"
"103088","37.35","4","103088"
"103865","36.55","4","103865"
"104274","10","4","104274"
"104473","85.63","4","104473"
"104740","7.59","4","104740"
"104865","33.08","4","104865"
"105015","17.76","4","105015"
"106101","43","4","106101"
"106212","53.68","4","106212"
"106981","55.07","4","106981"
"109204","40.89","4","109204"
"113808","39.38","4","113808"
"113914","39.8","4","113914"
"115014","20.2","4","115014"
"116588","22.48","4","116588"
"116876","19.5","4","116876"
"118163","9.96","4","118163"
"118501","35.21","4","118501"
"119988","41.24","4","119988"
"120267","16.95","4","120267"
"120387","40.6","4","120387"
"121222","114.92","4","121222"
"121347","34.49","4","121347"
"122119","7.66","4","122119"
"122133","4.23","4","122133"
"122153","8.24","4","122153"
"122273","101.76","4","122273"
"122274","31.86","4","122274"
"122468","32.3","4","122468"
"122534","19.4","4","122534"
"122645","16.03","4","122645"
"123497","2.17","4","123497"
"123539","54.82","4","123539"
"123543","59.61","4","123543"
"123559","11.75","4","123559"
"123608","115.7","4","123608"
"124083","22.35","4","124083"
"124186","116.06","4","124186"
"124331","77.5","4","124331"
"124950","8.23","4","124950"
"125037","15","4","125037"
"125303","29.17","4","125303"
"125324","149","4","125324"
"125366","15","4","125366"
"126002","12.7","4","126002"
"126523","15.6","4","126523"
"127711","44.2","4","127711"
"127716","29.69","4","127716"
"128047","81.96","4","128047"
"128067","33.27","4","128067"
"128201","27.82","4","128201"
"128215","25","4","128215"
"128318","33","4","128318"
"128466","4.12","4","128466"
"128914","4.16","4","128914"
"128915","4.08","4","128915"
"128916","30.65","4","128916"
"128917","74.06","4","128917"
"129005","43.68","4","129005"
"129238","27.52","4","129238"
"129240","13.76","4","129240"
"129359","12.29","4","129359"
"129804","27.04","4","129804"
"129813","42.8","4","129813"
"129821","61.81","4","129821"
"129839","165.16","4","129839"
"130008","64.44","4","130008"
"130933","6.18","4","130933"
"130941","7","4","130941"
"131068","44.19","4","131068"
"131230","23.8","4","131230"
"131560","3","4","131560"
"131925","10","4","131925"
"132112","17.94","4","132112"
"132312","24.93","4","132312"
"132334","23.75","4","132334"
"132529","58.93","4","132529"
"132875","28.16","4","132875"
"133190","9.6","4","133190"
"133612","19.46","4","133612"
"133935","5.16","4","133935"
"134035","17.5","4","134035"
"134134","26.67","4","134134"
"134438","40.4","4","134438"
"134491","62.4","4","134491"
"134696","6.09","4","134696"
"135195","20.16","4","135195"
"135200","24.43","4","135200"
"135605","129.6","4","135605"
"135824","59.76","4","135824"
"135953","22.48","4","135953"
"136846","11.86","4","136846"
"136850","5.2","4","136850"
"136868","7.41","4","136868"
"138023","6.02","4","138023"
"138306","4.49","4","138306"
"138314","7.06","4","138314"
"138646","6.45","4","138646"
"138844","73.2","4","138844"
"138941","8.1","4","138941"
"139230","40","4","139230"
"139325","165.8","4","139325"
"139334","89.76","4","139334"
"139344","107.03","4","139344"
"139358","6.97","4","139358"
"139420","6.49","4","139420"
"139638","5.61","4","139638"
"139867","84.81","4","139867"
"139962","55.98","4","139962"
"140032","34.13","4","140032"
"140512","132.96","4","140512"
"140516","75.98","4","140516"
"140521","74.39","4","140521"
"140699","168.77","4","140699"
"140731","72","4","140731"
"140732","25.72","4","140732"
"141280","4","4","141280"
"141603","119.99","4","141603"
"141789","9.64","4","141789"
"142533","20.7","4","142533"
"142836","323.02","4","142836"
"142857","61.64","4","142857"
"143732","12.07","4","143732"
"144039","58.17","4","144039"
"144605","14.7","4","144605"
"1402251","57","4","1402251"
"4165779","45.12","4","4165779"
"5151853","46","4","5151853"
"90901341","79.8","4","90901341"
"90909556","78.3","4","90909556"
"99007951","28.33","4","99007951"
"99008135","33","4","99008135"
"99012524","17.4","4","99012524"
"99012750","56.7","4","99012750"
"99015774","113.99","4","99015774"
"S4","34.63","4","S4"
"ITRA40","122.18","4","ITRA40"
"005424","36.6","4","005424"
"GER 1","145.6","4","Geriatric Panel + Fructosamine"
"MEDI 141","37.92","4","MEDI 141"
"016948","15.6","4","016948"
"005426","55.2","4","005426"
"PRED","19.65","4","PRED"
"ALLERGY","364","4","Allergy Panel  K9 Environmental - Idexx"
"ACA","42.15","4","ACA"
"JAN01","50","4","Blood Glucose Interpretation"
"BNPCA","118","4","Idexx - Canine ProBNP- add on OUT"
"FEL26A","15.96","4","FEL26A"
"AMLS","41.5","4","AMLS"
"DEX","29.22","4","DEX"
"CANIN26","94.99","4","CANIN26"
"ECHO1","390","4","ECHO1"
"022316","83","4","022316"
"FEL42","4.58","4","FEL42"
"CANIN36","28","4","CANIN36"
"FEL43","57.12","4","FEL43"
"DIAZ","3","4","DIAZ"
"MOM","29","4","MOM"
"PANA","20.4","4","PANA"
"NOVO-LEX","40","4","NOVO-LEX"
"HYCO S","31.96","4","HYCO S"
"IC","59","4","Intensive Care/Isolation Ward/24H"
"VET 1","41.82","4","VET 1"
"007402","19","4","007402"
"APO-A","21.4","4","APO-A"
"MEDI 77","42.3","4","MEDI 77"
"CANIN67","42.13","4","CANIN67"
"FEL1","107.87","4","FEL1"
"APOMORP","31","4","APOMORP"
"FPLI1","45","4","FPLI1"
"US1","425","4","Abdominal Ultrasound FVS Imaging"
"PRECRE11","175","4","Private Cremation w/ Urn <1kg"
"MED1I","56","4","MED1I"
"121356A","145.16","4","121356A"
"METAF","9.49","4","METAF"
"OPG","71.9","4","OPG"
"MEDI 140","65.76","4","MEDI 140"
"019565","35","4","019565"
"MEDI 48","73.24","4","MEDI 48"
"OTOMITE","13.52","4","OTOMITE"
"VETOQUIN","9.7","4","VETOQUIN"
"MEDI 79","63.36","4","MEDI 79"
"NOVO-R","13.25","4","NOVO-R"
"K","92.28","4","K"
"304A","75","4","304A"
"HILA","38.94","4","HILA"
"APO-AZI","31.68","4","APO-AZI"
"MEDI 81","32.16","4","MEDI 81"
"MED 161","14.1","4","MED 161"
"AARCS25","80","4","AARCS K9 Neuter 15-25kg"
"PANA2","13.5","4","PANA2"
"TREA","4.8","4","TREA"
"MEDI3","48.15","4","MEDI3"
"PRESCR","49.15","4","PRESCR"
"MED 39","89.12","4","MED 39"
"SED","46","4","SED"
"CROW","34.5","4","Crown Amputation"
"CADD290","64.5","4","Add on PTT and PTT"
"REUS3A","250","4","REUS3A"
"ACE10","15.52","4","ACE10"
"0028","160","4","0028"
"MEDI 115","37.54","4","MEDI 115"
"CIS","57","4","CIS"
"R8","29.28","4","R8"
"VETOR","168","4","VETOR"
"GLUC","18.41","4","GLUC"
"MED 120","105.2","4","MED 120"
"GWLPPAW","185","4","GWLPPAW"
"S2DR","65","4","S2DR"
"CT450","231.1","4","CT450"
"VETSOL","17.68","4","VETSOL"
"CARE","31","4","CARE"
"ENAL","63.7","4","ENAL"
"MEDI 50","25.88","4","MEDI 50"
"EPIDL","105","4","Anesthesia - Epidural"
"UBA1","22","4","UBA1"
"T510","62.13","4","T510"
"POT","81.12","4","POT"
"PE7","290","4","PE7"
"02375265","118.79","4","02375265"
"COAT","22","4","COAT"
"FADR","220","4","Feline ADR Combo Plus"
"FELI1","25.68","4","FELI1"
"E","88.9","4","E"
"FUND","30","4","FUND"
"132849A","54.03","4","132849A"
"GERFT4","324.9","4","Idexx Geriatric Panel w Free T4"
"BFA","207.5","4","BFA"
"UBAVETP","19.5","4","UBAVETP"
"METRON","24","4","METRON"
"URSO","22.8","4","URSO"
"052423","181.2","4","052423"
"SUM1","80.12","4","SUM1"
"EXT2","98","4","Extractions - 2 Rooted tooth"
"MEDI  58","33.6","4","MEDI  58"
"FLTGA","92.9","4","Fecal O & P with Giardia Add-on OUT"
"BML","28","4","Bandage Material - Large"
"UNAUC","253.5","4","Urinalysis w Urine Culture (ID&Sus) OUT"
"SYN1","17.5","4","SYN1"
"OXY2","30.8","4","OXY2"
"333F1","55","4","333F1"
"MEDI 102","78.26","4","MEDI 102"
"WBCX","757.9","4","Complex Biopsy OUT"
"EASE","48.48","4","EASE"
"ENAL2","17","4","ENAL2"
"XMASMED","6","4","XMASMED"
"02247074","256.2","4","02247074"
"V6","60.78","4","V6"
"REUS2","350","4","Referral Echocardiogram"
"DENAS","75","4","DENAS"
"CTP1","188","4","CTP1"
"FELWGTCL","88.56","4","FELWGTCL"
"UBAV7","34","4","UBAV7"
"0110","985.8","4","0110"
"ATO","73.7","4","ATO"
"MCRCT","13.8","4","MCRCT"
"SABEX","63","4","SABEX"
"SA034","164.7","4","SA034"
"NOVI1","79","4","NOVI1"
"INH","112.64","4","Spay In-Heat (Add On)"
"CRI","40","4","CRI Surgery"
"FAVN","674.9","4","FAVN"
"MICRO","60","4","Advanced Iso Microchip"
"OPTH7","11","4","OPTH7"
"LEUK1","24","4","LEUK1"
"DERMO","29","4","DERMO"
"HUM","42","4","HUM"
"S7DR","65","4","Senvelgo 7 Day Recheck"
"022728","25","4","022728"
"SEDCTR","21.96","4","SEDCTR"
"FDSD","268.5","4","Diarrhea RealPCR Panel (Stand)Fel OUT"
"4","50","3","Debit Card Payment"
"312","30","3","Cremation  Pocket Pet"
"506","22.16","3","506"
"1216","30","3","1216"
"1409","28.8","3","1409"
"1772","85","3","Thoracic Fluid Drain per 10 minutes"
"2021","37.42","3","2021"
"8490","28.5","3","8490"
"12838","22.5","3","12838"
"101641","64.76","3","101641"
"102532","8.96","3","102532"
"104269","1","3","104269"
"104863","162.99","3","104863"
"105035","5.28","3","105035"
"107002","17.94","3","107002"
"107171","113","3","107171"
"107262","43.08","3","107262"
"107285","17.41","3","107285"
"108928","30.43","3","108928"
"111934","67.79","3","111934"
"112806","5.03","3","112806"
"112809","27.54","3","112809"
"112958","54.25","3","112958"
"113172","6.55","3","113172"
"113317","79.04","3","113317"
"113319","94.86","3","113319"
"114161","21.4","3","114161"
"115876","17.49","3","115876"
"115953","79","3","115953"
"116057","0.3","3","116057"
"116921","34.08","3","116921"
"117504","151.68","3","117504"
"117568","76.52","3","117568"
"117712","13.62","3","117712"
"117950","24.64","3","117950"
"118345","213.84","3","118345"
"118442","14.21","3","118442"
"118446","25.28","3","118446"
"119304","101.42","3","119304"
"119511","4.84","3","119511"
"120513","186.8","3","120513"
"120516","110.29","3","120516"
"120571","47.08","3","120571"
"120931","38.11","3","120931"
"120932","59.85","3","120932"
"121373","100.08","3","121373"
"121381","119.67","3","121381"
"121955","42","3","121955"
"122032","41.97","3","122032"
"122540","76.13","3","122540"
"122542","51.08","3","122542"
"122546","40.6","3","122546"
"122703","56.4","3","122703"
"122916","6.5","3","122916"
"123255","47.64","3","123255"
"123511","43.6","3","123511"
"123550","59.3","3","123550"
"123607","61.22","3","123607"
"123655","65.1","3","123655"
"123721","13.99","3","123721"
"123877","124","3","123877"
"124187","4.58","3","124187"
"124221","30.2","3","124221"
"124229","122","3","124229"
"125000","42.3","3","125000"
"125175","3.94","3","125175"
"125218","129.04","3","125218"
"125369","28.54","3","125369"
"125388","14.7","3","125388"
"125400","65.4","3","125400"
"125402","19.35","3","125402"
"125407","15","3","125407"
"125410","29.51","3","125410"
"125482","33.7","3","125482"
"125483","30.6","3","125483"
"125764","60.2","3","125764"
"125931","30.95","3","125931"
"126006","13.08","3","126006"
"126064","40.86","3","126064"
"127718","22.2","3","127718"
"127804","42","3","127804"
"127893","21.32","3","127893"
"127979","18.94","3","127979"
"128556","18.98","3","128556"
"128563","45","3","128563"
"128731","4.75","3","128731"
"128948","72.69","3","128948"
"129458","3.61","3","129458"
"129490","7.62","3","129490"
"129641","51.6","3","129641"
"129809","17.58","3","129809"
"129938","8.66","3","129938"
"129942","82.05","3","129942"
"130934","17.9","3","130934"
"130958","118.82","3","130958"
"131066","46.27","3","131066"
"132113","17.46","3","132113"
"132282","29.56","3","132282"
"132384","9.48","3","132384"
"132697","5.73","3","132697"
"132864","23.82","3","132864"
"133022","22.25","3","133022"
"134027","11.17","3","134027"
"134148","63","3","134148"
"134167","68.65","3","134167"
"134736","24.42","3","134736"
"134906","26.44","3","134906"
"134998","3.85","3","134998"
"135143","17.37","3","135143"
"136025","19.87","3","136025"
"136191","18.75","3","136191"
"136685","3.57","3","136685"
"136686","6.06","3","136686"
"136806","5.03","3","136806"
"136815","14.22","3","136815"
"136849","8","3","136849"
"136909","11.48","3","136909"
"137100","32.4","3","137100"
"137221","15.39","3","137221"
"137401","9.8","3","137401"
"138186","5.5","3","138186"
"138239","4.21","3","138239"
"138274","33.29","3","138274"
"139082","20","3","139082"
"139178","13.5","3","139178"
"139201","282.15","3","139201"
"139275","39.5","3","139275"
"139308","18.6","3","139308"
"139352","30.63","3","139352"
"139600","55.66","3","139600"
"139601","191.72","3","139601"
"139618","24","3","139618"
"139619","32.62","3","139619"
"139694","17.62","3","139694"
"139872","99.78","3","139872"
"140310","62","3","140310"
"140695","165.5","3","140695"
"141274","31.2","3","141274"
"141276","185.82","3","141276"
"141651","16.54","3","141651"
"142075","61.01","3","142075"
"142300","23.16","3","142300"
"143790","157.25","3","143790"
"143791","94.33","3","143791"
"144138","20.79","3","144138"
"144561","88.56","3","144561"
"144619","14.2","3","144619"
"144642","43.44","3","144642"
"145152","8.16","3","145152"
"900634","1.76","3","900634"
"920088","14","3","920088"
"1063244","30.3","3","1063244"
"3830054","22.8","3","3830054"
"3908405","15.4","3","3908405"
"3943192","35.96","3","3943192"
"99012165","1.99","3","99012165"
"SUMPIMO","142.8","3","SUMPIMO"
"MED1C1","7.16","3","MED1C1"
"PET3","188","3","PETRAYS (30 MINUTES REPORT)"
"APOMORPH","31.54","3","APOMORPH"
"MED1C2","38.75","3","MED1C2"
"OME","26.68","3","OME"
"ACA2","39.66","3","ACA2"
"LIT","40.3","3","LIT"
"GEN2A","84.46","3","GEN2A"
"DOXI","89.4","3","DOXI"
"IOD","15","3","IOD"
"140366A","61.2","3","140366A"
"CHAR","88","3","CHAR"
"COMFORT","33.44","3","COMFORT"
"US2","500","3","US2"
"CT775","76","3","CT775"
"ZYL1","44.11","3","ZYL1"
"T465","57","3","T465"
"SOFT","30","3","Soft Paws Feline"
"FLT","87.9","3","FLT"
"L3","3.04","3","L3"
"V","23.56","3","V"
"NAILTR","11","3","NAILTR"
"OX","35","3","OX"
"POTA","130.5","3","POTA"
"BOEHRING","46.68","3","BOEHRING"
"ATENOLOL","23.5","3","ATENOLOL"
"TEVAH","15.4","3","TEVAH"
"RX","21","3","Prescription (Rx) To Outside Pharmacy"
"UBA2","61.69","3","UBA2"
"AMIT","15","3","AMIT"
"UNAPC","90","3","UNAPC"
"ORB","70","3","ORB"
"0408","28","3","0408"
"PHEN","26.4","3","PHEN"
"NOVA1","5.79","3","NOVA1"
"CERE","12.9","3","CERE"
"MEDI 123","84.28","3","MEDI 123"
"O","91.92","3","O"
"MEDI 33","21.35","3","MEDI 33"
"ICAL","135.9","3","Ionized Calcium OUT"
"GENUW","213.9","3","General Panel + Urinalysis OUT"
"ROBAX","8","3","ROBAX"
"TAPAZ","21.2","3","TAPAZ"
"FLORENTE","12.5","3","FLORENTE"
"FLO 1","66","3","FLO 1"
"CRO","112.5","3","CRO"
"0031","360.75","3","Hourly Surgery Fee"
"ALLERGRO","11.54","3","ALLERGRO"
"US2AA","150","3","T.F.A.S.T. (Thoracic Ultrasound Exam)"
"UT1","55","3","UT1"
"MED154","16.99","3","MED154"
"ZENI","14.56","3","ZENI"
"CANIN 10","28","3","CANIN 10"
"NOVO10","27.96","3","NOVO10"
"VITB12","32","3","VITB12"
"ENRO","112.8","3","ENRO"
"META100","137.67","3","META100"
"US512","375","3","US512"
"CT415","111","3","PT/PTT"
"CADD230","30.9","3","Add on Urine protein/Creatinine Antech"
"010592","12","3","010592"
"NOVAPHAR","28","3","NOVAPHAR"
"C.E.T.","9.5","3","C.E.T."
"CANIN43","54.15","3","CANIN43"
"CODE","15","3","CODE"
"HOUSE","100","3","HOUSE"
"005218","15","3","005218"
"US7","245","3","U/S  Thoraco/Pericardocentesis"
"DIAZEPAM","9.5","3","DIAZEPAM"
"INTRA","35","3","Kennel Cough Intranasal vaccine 1 year"
"024708","83","3","024708"
"NOVAMO","20","3","NOVAMO"
"MCRC 1A","4.36","3","MCRC 1A"
"DENAMA","58.5","3","DENAMA"
"MEDI 109","93.84","3","MEDI 109"
"FIRE","7.04","3","FIRE"
"ACE5","14.08","3","ACE5"
"081121","87.2","3","081121"
"AARCS35","85","3","AARCS35"
"LAXA","9.7","3","LAXA"
"PILOC","11","3","PILOC"
"MEDI 93","33.62","3","MEDI 93"
"CYTOA","100","3","CYTOA"
"TAURINE","16.8","3","TAURINE"
"I","62.69","3","I"
"NSAIDIN","122.28","3","NSAID + SDMA IN"
"CSA034","201.4","3","CSA034"
"HILLSK9","16.98","3","Hills FREE K9 Puppy Coupon-Free 1.81kg"
"108743B","147.31","3","108743B"
"UBAVE","20","3","UBAVE"
"NOVO-LE","27","3","NOVO-LE"
"K-BROM","56","3","K-BROM"
"AMLODIPI","75","3","AMLODIPI"
"ANTECH","189","3","ANTECH"
"FVSBIOP1","227","3","FVS Fine Needle Biopsy 1 site-add cytolo"
"AMETSYR","25.86","3","AMETSYR"
"ORAL","75","3","ORAL"
"DOU500","48.12","3","DOU500"
"CANIN63","40.92","3","CANIN63"
"VIT","35","3","VIT"
"HSO","48.1","3","HSO"
"BCUF","550","3","Blocked/unblocking - FLUT flush (per hr)"
"ENEMAM","130","3","Enema - Manual Breakdown"
"HEA","24.5","3","HEA"
"MEDI 72","45.12","3","MEDI 72"
"SOF","813","3","Soft Tissue Surgery per Hour"
"CANIN11","62.6","3","CANIN11"
"142834T","129.9","3","142834T"
"GPFURINE","325.9","3","Geriatric Panel + Fructosamine + U/A"
"K1","38.19","3","K1"
"MEDI 43","15.9","3","MEDI 43"
"RIMADYL","28","3","RIMADYL"
"RPO","77","3","RPO"
"MEDI 121","22.4","3","MEDI 121"
"SAPOMOR","37","3","SAPOMOR"
"FEL45","55.2","3","FEL45"
"CADD50","119.79","3","Add onFree T4 Equilibrum Dialysis Antech"
"300 B","255","3","Cremation Private Picture Urn"
"008128","74","3","FeLV Fel Leuk/Immunodef ELISA-Idex"
"METHH","35","3","METHH"
"MEDI 137","6.8","3","MEDI 137"
"ADVAN12","79.21","3","ADVAN12"
"CANDX","149.9","3","IDEXX Cancer Dx Test- Canine"
"142835T","65.2","3","142835T"
"UPCIN","67.17","3","Urine Protein Creatinine Ratio-In clinic"
"CRDCD","391.5","3","CRDCD"
"NOVO5","12.5","3","NOVO5"
"VACC5","103.95","3","VACC5"
"CS2","349","3","CS2"
"PUPPY","28","3","PUPPY"
"BAY 2","34","3","BAY 2"
"R7","64.85","3","R7"
"SA037","201.4","3","SA037"
"F BX","155","3","F BX"
"BIO","150.2","3","Biopsy - Skin/Tissue"
"AMPLIM","1118.4","3","AMPLIM"
"CEFSO","46.48","3","CEFSO"
"MELAT","32.6","3","MELAT"
"MEDI 8","14.6","3","MEDI 8"
"MEDI 27","88.76","3","MEDI 27"
"ALU","12","3","ALU"
"CN1","230","3","CN1"
"DECL5","328","3","DECL5"
"URI","80.45","3","URI"
"GENT4W","217.9","3","General Panel w T4 OUT"
"2YC","35","3","2YC"
"ATOP","132","3","ATOP"
"PASTEL","130","3","PASTEL"
"ALLERGAN","19.64","3","ALLERGAN"
"0017","339","3","Declaw Feline  Over 1 Year Old"
"RABIES","406.9","3","RABIES"
"STANH4","5","3","Stanhexidine Scrub - 4OZ"
"BOOTS","18","3","BOOTS"
"VETE","15","3","VETE"
"GENFP","222.9","3","General Panel + FPL In Clinic"
"MEDI 85","18.14","3","MEDI 85"
"CULTH","56","3","CULTH"
"MED 17","31.15","3","MED 17"